state,action,reward,next state
[44],6,"[0.8, 1.2703313088608267e-07, -1.1728137394584338e-09, 0.8000001258603172]",[44]
[44],6,"[0.8, 0.0, -1.069176303047925e-11, 0.7999999999893083]",[44]
[44],6,"[0.8, 1.7509484550032464e-07, -1.217861296254341e-09, 0.8000001738769843]",[44]
[44],6,"[0.8, 5.15127990978037e-08, -1.4167138573384365e-10, 0.8000000513711277]",[44]
[44],6,"[0.8, 1.7166209921086576e-07, -1.1434401869792054e-09, 0.800000170518659]",[44]
[44],6,"[0.8, 0.8486579492974748, -0.00471487045288086, 1.6439430788445941]",[23]
[23],4,"[0.8, 0.8693728973666766, -1.8787384033203124e-05, 1.6693541099826434]",[0]
[0],4,"[0.8, 0.0005097460450506633, -0.00013166768476366997, 0.8003780783602871]",[0]
[0],6,"[0.8, 4.4656160488059475e-08, -8.843707064443152e-09, 0.8000000358124535]",[0]
[0],6,"[0.8, 3.4335531478417486e-08, -1.9978049436986111e-10, 0.800000034135751]",[0]
[0],6,"[0.8, 2.231972224656515e-08, -3.624088407150339e-10, 0.8000000219573135]",[0]
[0],6,"[0.8, 0.7891816545353222, -0.03732433319091797, 1.5518573213444042]",[42]
[42],4,"[0.8, 0.9039727010909178, -5.068648606538773e-05, 1.7039220146048524]",[26]
[26],3,"[0.8, 7.606479305342591e-07, -5.776981879535015e-09, 0.8000007548709487]",[26]
[26],7,"[0.8, 0.910681386374916, -0.029934329986572267, 1.6807470563883438]",[26]
[26],3,"[0.8, 1.0728323067920227, -0.07491064071655273, 1.79792166607547]",[10]
[10],3,"[0.8, 1.0582826092394917, -0.025216388702392577, 1.8330662205370991]",[46]
[46],5,"[0.8, 0.9124694648861787, -0.03787221908569336, 1.6745972458004854]",[46]
[46],3,"[0.8, 0.8507975077632944, -0.039410400390625, 1.6113871073726695]",[37]
[37],0,"[0.8, 1.0741295285453416, -0.019554233551025393, 1.8545752949943162]",[37]
[37],5,"[0.8, 0.0008177607583807994, -0.001497800350189209, 0.7993199604081916]",[41]
[41],6,"[0.8, 3.1482082305750356e-08, -9.37105504306146e-11, 0.8000000313883718]",[41]
[41],6,"[0.8, 1.62639476808229e-08, -8.377190283681557e-09, 0.8000000078867574]",[41]
[41],6,"[0.8, 1.7997145675893553, -0.03141946792602539, 2.56829509966333]",[39]
[39],3,"[0.8, 0.7390166077363935, -0.00020740605890750885, 1.5388092016774861]",[30]
[30],3,"[0.8, 1.3181137854853542, -0.002969646453857422, 2.115144139031497]",[22]
[22],3,"[0.8, 2.1419503497843713, -4.842691123485565e-05, 2.9419019228731367]",[22]
[22],0,"[0.8, -0.2, -5.591101944446564e-06, 0.5999944088980556]",[29]
[29],0,"[0.8, -0.2, -8.053891360759734e-06, 0.5999919461086393]",[38]
[38],5,"[0.8, 1.6405948902807421, -0.005164337158203125, 2.435430553122539]",[38]
[38],4,"[0.8, 0.8282819514746435, -0.032338428497314456, 1.595943522977329]",[1]
[1],2,"[0.8, 1.7201173793091673, -0.02509593963623047, 2.4950214396729367]",[11]
[11],5,"[0.8, 1.5777859042782545, -0.0018459320068359376, 2.3759399722714187]",[11]
[11],0,"[0.8, 1.4919081691329876, -0.014722824096679688, 2.277185345036308]",[11]
[11],0,"[0.8, 1.541711105310265, -0.061122131347656254, 2.280588973962609]",[3]
[3],0,"[0.8, 1.3070950811279727, -0.025318622589111328, 2.0817764585388616]",[3]
[3],4,"[0.8, 0.0, -0.0, 0.8]",[3]
[3],5,"[0.8, 0.7553315051120499, -0.017438697814941406, 1.5378928072971085]",[3]
[3],4,"[0.8, 0.8630404407143284, -0.0020784378051757813, 1.6609620029091525]",[28]
[28],0,"[0.8, 0.8549797021736341, -0.0, 1.654979702173634]",[28]
[28],0,"[0.8, 0.8549796994488861, -0.0, 1.6549796994488861]",[15]
[15],0,"[0.8, 0.8557688789504407, -0.0002047538757324219, 1.6555641250747084]",[15]
[15],4,"[0.8, 0.8550960248463408, -0.00019270554184913635, 1.6549033193044917]",[15]
[15],4,"[0.8, 2.683931297863131, -0.00019996289163827898, 3.483731334971493]",[15]
[15],0,"[0.8, 2.6829693887134005, -1.2265518307685852e-05, 3.482957123195093]",[7]
[7],0,"[0.8, 1.0663666111991987, -0.00021086599677801134, 1.8661557452024207]",[32]
[32],3,"[0.8, 0.8980200205397323, -1.816079020500183e-09, 1.6980200187236534]",[31]
[31],0,"[0.8, 0.898020522422794, -4.241173155605793e-06, 1.6980162812496384]",[40]
[40],0,"[0.8, 0.8980201473650763, -1.0244548320770264e-09, 1.6980201463406215]",[5]
[5],0,"[0.8, 0.8980201473815983, -8.102506399154664e-09, 1.698020139279092]",[5]
[5],0,"[0.8, 0.7858244041149186, -0.002597969770431519, 1.5832264343444873]",[5]
[5],4,"[0.8, 0.7832967501647858, -0.0004207611083984375, 1.5828759890563875]",[5]
[5],4,"[0.8, 0.7830606174573461, -0.00030450820922851564, 1.5827561092481175]",[5]
[5],0,"[0.8, 0.7770951995713936, -0.0001621246337890625, 1.5769330749376045]",[5]
[5],0,"[0.8, 0.0, -0.0, 0.8]",[5]
[5],5,"[0.8, 0.7543579903552947, -0.01869935989379883, 1.535658630461496]",[23]
[23],4,"[0.8, 0.7815812882029595, -0.0001032629981637001, 1.5814780252047957]",[23]
[23],4,"[0.8, 1.5572292557463355e-05, -2.536371539463289e-08, 0.8000155469288421]",[44]
[44],6,"[0.8, 1.7682045475951938e-07, -1.224841241764807e-09, 0.8000001755956135]",[44]
[44],6,"[0.8, 4.809036343645503e-08, -9.590752370058908e-10, 0.8000000471312882]",[44]
[44],6,"[0.8, 3.0266251255264754e-07, -1.2014922390335414e-09, 0.8000003014610204]",[44]
[44],6,"[0.8, 1.5071854670714282, -0.09348278045654297, 2.2137026866148855]",[43]
[43],3,"[0.8, 1.09215689408069, -0.008373069763183595, 1.8837838243175065]",[16]
[16],0,"[0.8, 1.768386670636129, -0.0024486541748046874, 2.5659380164613244]",[10]
[10],4,"[0.8, 1.7670269409073585, -0.013189888000488282, 2.55383705290687]",[46]
[46],5,"[0.8, 1.7532221034794597, -0.06405563354492187, 2.489166469934538]",[37]
[37],2,"[0.8, 1.1854045579054604, -0.016069698333740234, 1.9693348595717202]",[41]
[41],0,"[0.8, 1.6753397420885152, -0.03949897289276123, 2.435840769195754]",[39]
[39],3,"[0.8, 0.7744410864792624, -0.00022245300933718682, 1.574218633469925]",[30]
[30],4,"[0.8, 1.6535055367667402, -1.087188720703125e-05, 2.4534946648795333]",[22]
[22],3,"[0.8, 1.5637188096596955, -0.0069316476583480835, 2.356787162001347]",[22]
[22],3,"[0.8, -0.2, -3.8192793726921086e-05, 0.5999618072062731]",[39]
[39],0,"[0.8, -0.2, -0.00030514793470501903, 0.599694852065295]",[4]
[4],2,"[0.8, 2.0627848580828743, -3.851354122161865e-05, 2.8627463445416526]",[38]
[38],4,"[0.8, 1.4675610193983954, -0.011463165283203125, 2.2560978541151924]",[38]
[38],3,"[0.8, 0.0, -0.0, 0.8]",[1]
[1],5,"[0.8, 0.0, -0.0, 0.8]",[1]
[1],5,"[0.8, 0.0, -0.0, 0.8]",[1]
[1],5,"[0.8, 0.0, -0.0, 0.8]",[1]
[1],5,"[0.8, 0.0, -0.0, 0.8]",[1]
[1],5,"[0.8, 0.0, -0.0, 0.8]",[1]
[1],5,"[0.8, 0.6202741035432102, -0.05990824699401855, 1.3603658565491918]",[1]
[1],0,"[0.8, 1.5803619343418587, -0.0009892284870147705, 2.379372705854844]",[11]
[11],3,"[0.8, 1.5724588493659502, -3.6413781344890595e-06, 2.372455207987816]",[25]
[25],0,"[0.8, 1.1541671821616741, -6.412994116544724e-06, 1.9541607691675575]",[33]
[33],0,"[0.8, 0.0, -0.0, 0.8]",[33]
[33],5,"[0.8, 0.0, -0.0, 0.8]",[33]
[33],5,"[0.8, 0.8325656268648252, -1.5387777239084244e-06, 1.6325640880871013]",[33]
[33],3,"[0.8, 1.51529781416253, -0.0007284164428710938, 2.3145693977196586]",[24]
[24],4,"[0.8, 1.5165384962467758, -7.2479248046875005e-06, 2.3165312483219713]",[18]
[18],3,"[0.8, 1.5165323172305543, -7.43865966796875e-06, 2.3165248785708865]",[2]
[2],0,"[0.8, 1.6049822669167524, -0.0006628036499023438, 2.40431946326685]",[21]
[21],4,"[0.8, 1.4611435322214659, -0.0011915206909179688, 2.2599520115305483]",[27]
[27],0,"[0.8, 0.670587886559048, -0.001704835891723633, 1.4688830506673245]",[27]
[27],0,"[0.8, 1.6065126700558214, -0.011692333221435548, 2.394820336834386]",[14]
[14],3,"[0.8, 1.3801186771152516, -2.0942429546266795e-05, 2.180097734685705]",[48]
[48],5,"[0.8, 1.3283044200512615, -2.4452805519104003e-06, 2.12830197477071]",[3]
[3],6,"[0.8, 0.5986884665833984, -2.1433806978166103e-06, 1.3986863232027007]",[3]
[3],5,"[0.8, 3.261678590202071e-08, -1.6231883392947567e-10, 0.8000000324544672]",[3]
[3],7,"[0.8, 1.5882328149419762e-07, -4.998761141905561e-08, 0.8000001088356701]",[3]
[3],7,"[0.8, 4.121887719139304e-08, -2.745664914982626e-08, 0.8000000137622281]",[3]
[3],7,"[0.8, 2.592089499312802e-07, -1.116736640938143e-09, 0.8000002580922133]",[3]
[3],7,"[0.8, 0.7757059748018685, -0.003997594118118286, 1.5717083806837504]",[3]
[3],3,"[0.8, 0.8280259386693896, -0.0012420654296875, 1.626783873239702]",[28]
[28],3,"[0.8, 2.4697017029772685, -5.7220458984375e-07, 3.2697011307726784]",[3]
[3],3,"[0.8, 2.9818817663225854, -0.031499481201171874, 3.7503822851214137]",[11]
[11],0,"[0.8, 1.2611627647857901, -0.026672744750976564, 2.0344900200348137]",[11]
[11],0,"[0.8, 9.628328308303592e-08, -2.7293543780615436e-09, 0.8000000935539288]",[11]
[11],7,"[0.8, 1.1329654540833524e-07, -3.614036625521066e-11, 0.8000001132604051]",[11]
[11],7,"[0.8, 5.321519285811007e-08, -3.632574241407838e-11, 0.8000000531788671]",[11]
[11],7,"[0.8, 1.5450123222323546e-08, -3.569231799005479e-11, 0.800000015414431]",[11]
[11],7,"[0.8, 1.1501313767992721e-07, -1.270575111789185e-10, 0.8000001148860802]",[11]
[11],7,"[0.8, 6.694800006120622e-08, -7.195755546973715e-11, 0.8000000668760425]",[11]
[11],7,"[0.8, 0.6940069740150393, -0.03831453323364258, 1.4556924407813967]",[11]
[11],3,"[0.8, 1.1691944791986082, -0.005828189849853516, 1.9633662893487547]",[1]
[1],0,"[0.8, 1.170925298734667, -0.0035305023193359375, 1.967394796415331]",[38]
[38],3,"[0.8, 1.17115250093029, -7.0229172706604006e-06, 1.9711454780130195]",[38]
[38],0,"[0.8, -0.2, -5.541369318962097e-07, 0.5999994458630682]",[33]
[33],0,"[0.8, -0.2, -9.080395102500916e-08, 0.5999999091960491]",[29]
[29],0,"[0.8, 2.1595938475812826, -2.762824296951294e-05, 2.9595662193383134]",[22]
[22],0,"[0.8, 1.5078673800214941, -0.06703395843505859, 2.2408334215864354]",[22]
[22],3,"[0.8, 0.9572699743179287, -0.07986602783203126, 1.6774039464858976]",[22]
[22],5,"[0.8, 0.8488039436506295, -0.007889366149902344, 1.6409145775007272]",[22]
[22],0,"[0.8, 1.4006258413927997, -0.0002032484859228134, 2.200422592906877]",[30]
[30],3,"[0.8, 1.858385079464545e-07, -1.8871590157232278e-09, 0.800000183951349]",[30]
[30],6,"[0.8, 0.8647903878219316, -0.00044663667678833006, 1.6643437511451433]",[39]
[39],3,"[0.8, 1.4912805947134273, -0.0018646240234375, 2.2894159706899897]",[39]
[39],3,"[0.8, 1.4879575783689232, -5.7220458984375e-07, 2.2879570061643335]",[37]
[37],0,"[0.8, 1.4879582419212871, -5.7220458984375e-07, 2.2879576697166972]",[46]
[46],0,"[0.8, 1.1726233388688534, -0.010041236877441406, 1.962582101991412]",[10]
[10],3,"[0.8, 6.534081961197718e-08, -1.0949410125249415e-08, 0.8000000543914095]",[10]
[10],6,"[0.8, 9.270538156343539e-08, -1.0783982595796716e-10, 0.8000000925975418]",[10]
[10],6,"[0.8, 1.2703272155926273e-07, -4.171198142444155e-10, 0.8000001266156018]",[10]
[10],6,"[0.8, 1.4763048668840614e-07, -4.169464062897532e-10, 0.8000001472135403]",[10]
[10],6,"[0.8, 0.7780298729442379, -0.005198287963867188, 1.5728315849803707]",[10]
[10],4,"[0.8, 1.3870439365785439, -0.003263187408447266, 2.1837807491700967]",[16]
[16],0,"[0.8, 0.0, -0.0, 0.8]",[16]
[16],5,"[0.8, 0.7390054786892879, -0.0048768043518066405, 1.5341286743374813]",[43]
[43],3,"[0.8, 1.3892955371675955, -0.00022401437163352967, 2.1890715227959623]",[40]
[40],4,"[0.8, 0.0, -2.5828069283306832e-08, 0.7999999741719308]",[31]
[31],5,"[0.8, 1.262559477330497, -0.00018523138016462325, 2.0623742459503323]",[19]
[19],4,"[0.8, 1.1818814663934303, -0.00016236262395977975, 1.9817191037694706]",[7]
[7],3,"[0.8, 1.9236589325215925, -0.001422119140625, 2.7222368133809676]",[14]
[14],4,"[0.8, 1.9266605210131003, -0.0, 2.7266605210131]",[17]
[17],3,"[0.8, 1.9266600269672634, -0.0, 2.7266600269672634]",[2]
[2],0,"[0.8, 1.9266601778124652, -1.9073486328125e-07, 2.726659987077602]",[18]
[18],3,"[0.8, 1.0152131959924928, -0.009294986724853516, 1.8059182092676394]",[4]
[4],0,"[0.8, 1.2857455949145709, -0.00015661120414733887, 2.085588983710424]",[33]
[33],4,"[0.8, 1.2873838309489711, -0.00025587234646081927, 2.0871279586025104]",[25]
[25],4,"[0.8, 1.2873737955047995, -5.271285772323608e-06, 2.087368524219027]",[25]
[25],0,"[0.8, 7.996605934642674e-06, -4.908526989311213e-08, 0.8000079475206648]",[11]
[11],7,"[0.8, 7.553110595385548e-08, -3.466178011279908e-11, 0.8000000754964443]",[11]
[11],7,"[0.8, 7.89653757187902e-08, -5.4071227850727155e-09, 0.800000073558253]",[11]
[11],7,"[0.8, 5.8364927757892464e-08, -3.4661786774137226e-11, 0.800000058330266]",[11]
[11],7,"[0.8, 1.3046295687252154e-07, -3.466178455369118e-11, 0.8000001304282951]",[11]
[11],4,"[0.8, 0.8546651783116911, -0.01187753677368164, 1.6427876415380096]",[11]
[11],3,"[0.8, 0.8549933661511431, -3.6048889160156254e-05, 1.654957317261983]",[1]
[1],3,"[0.8, 0.8539111848911249, -0.00829000473022461, 1.6456211801609004]",[38]
[38],3,"[0.8, 0.8548424673544552, -0.00015835054218769074, 1.6546841168122675]",[38]
[38],3,"[0.8, 2.556251212243401, -1.687556505203247e-06, 3.3562495246868957]",[38]
[38],0,"[0.8, 2.5550515700448546, -0.0003898242115974426, 3.3546617458332575]",[4]
[4],3,"[0.8, -0.2, -1.5646591782569887e-05, 0.5999843534082174]",[29]
[29],0,"[0.8, 1.769645542236954, -0.00010722801089286804, 2.569538314226061]",[22]
[22],0,"[0.8, 1.5751113330037994, -0.008421897888183594, 2.3666894351156156]",[22]
[22],4,"[0.8, 1.4357149516157646e-06, -3.5390858101891357e-07, 0.8000010818063706]",[30]
[30],6,"[0.8, 5.665189768664818e-07, -4.597556113594692e-10, 0.8000005660592213]",[30]
[30],6,"[0.8, 3.4890631056940215e-07, -9.003827017295407e-09, 0.8000003399024836]",[30]
[30],3,"[0.8, 1.8541744494325443, -0.012004280090332031, 2.6421701693422124]",[30]
[30],4,"[0.8, -0.2, -0.0220458984375, 0.5779541015625]",[37]
[37],3,"[0.8, 1.4729054302873752, -0.010039520263671876, 2.262865910023703]",[42]
[42],3,"[0.8, 0.0, -0.0, 0.8]",[42]
[42],5,"[0.8, 0.0, -0.0, 0.8]",[42]
[42],5,"[0.8, 0.0, -0.0, 0.8]",[42]
[42],5,"[0.8, 0.0, -0.0, 0.8]",[42]
[42],5,"[0.8, 0.0, -0.0, 0.8]",[42]
[42],5,"[0.8, 0.0, -0.0, 0.8]",[42]
[42],5,"[0.8, 1.1362935062053643, -0.06262106895446777, 1.8736724372508966]",[42]
[42],3,"[0.8, 0.47910121196680333, -0.0003085704520344734, 1.278792641514769]",[26]
[26],7,"[0.8, 0.0, -0.0, 0.8]",[26]
[26],5,"[0.8, 0.0, -0.0, 0.8]",[26]
[26],5,"[0.8, 0.0, -0.0, 0.8]",[26]
[26],5,"[0.8, 0.38314808588157145, -5.771943833678961e-05, 1.1830903664432348]",[26]
[26],4,"[0.8, 0.9386281298048993, -0.05419998168945313, 1.6844281481154462]",[10]
[10],3,"[0.8, 0.9299283932431379, -0.006045913696289063, 1.723882479546849]",[10]
[10],3,"[0.8, 0.9295556438154997, -0.03251810073852539, 1.6970375430769744]",[46]
[46],4,"[0.8, 0.9560816994766258, -0.06317291259765626, 1.6929087868789696]",[46]
[46],0,"[0.8, 0.9110336210613698, -0.007384395599365235, 1.7036492254620046]",[37]
[37],0,"[0.8, 0.9159664086040552, -0.009090614318847657, 1.7068757942852075]",[37]
[37],0,"[0.8, 0.00021411964090668832, -0.002461838126182556, 0.7977522815147242]",[41]
[41],5,"[0.8, 0.0, -0.0, 0.8]",[41]
[41],5,"[0.8, 0.6740478383938328, -0.05903568267822266, 1.4150121557156101]",[41]
[41],3,"[0.8, 0.9323461226417917, -0.005873143672943115, 1.7264729789688487]",[39]
[39],3,"[0.8, 0.0004287909307325753, -7.775557460263371e-06, 0.8004210153732724]",[30]
[30],6,"[0.8, 0.0, -0.0, 0.8]",[30]
[30],5,"[0.8, 0.0, -0.0, 0.8]",[30]
[30],5,"[0.8, 0.0, -0.0, 0.8]",[30]
[30],5,"[0.8, 0.0, -0.0, 0.8]",[30]
[30],5,"[0.8, 0.0, -0.0, 0.8]",[30]
[30],5,"[0.8, 0.0, -0.0, 0.8]",[30]
[30],5,"[0.8, 0.7666037828644009, -1.3693608343601226e-05, 1.5665900892560574]",[30]
[30],1,"[0.8, 0.9254666852561743, -0.03439197540283203, 1.6910747098533423]",[30]
[30],3,"[0.8, 2.1704542021574844, -9.918212890625e-06, 2.9704442839445937]",[37]
[37],4,"[0.8, 2.359785690371333, -0.038443374633789065, 3.121342315737544]",[42]
[42],4,"[0.8, 0.8959598132026072, -0.04184455871582032, 1.654115254486787]",[42]
[42],0,"[0.8, 1.267543144923331, -0.013236236572265626, 2.0543069083510654]",[0]
[0],4,"[0.8, 0.0, -0.0, 0.8]",[0]
[0],5,"[0.8, 0.0, -0.0, 0.8]",[0]
[0],5,"[0.8, 0.0, -0.0, 0.8]",[0]
[0],5,"[0.8, 0.0, -0.0, 0.8]",[0]
[0],5,"[0.8, 0.0, -0.0, 0.8]",[0]
[0],5,"[0.8, 0.0, -0.0, 0.8]",[0]
[0],5,"[0.8, 1.5488231034477768, -0.08485202789306641, 2.2639710755547107]",[23]
[23],3,"[0.8, 0.9624921369913443, -0.00014270263724029065, 1.7623494343541042]",[43]
[43],3,"[0.8, 1.8877689237739412, -8.899299427866937e-06, 2.6877600244745135]",[40]
[40],5,"[0.8, 0.0, -0.0, 0.8]",[31]
[31],5,"[0.8, 0.0, -0.0, 0.8]",[31]
[31],5,"[0.8, 0.0, -0.0, 0.8]",[31]
[31],5,"[0.8, 0.0, -0.0, 0.8]",[31]
[31],5,"[0.8, 0.0, -0.0, 0.8]",[31]
[31],5,"[0.8, 0.37526959222104866, -0.0001013600081205368, 1.1751682322129282]",[31]
[31],0,"[0.8, 1.3774877199494102, -0.012347412109375, 2.1651403078400353]",[19]
[19],3,"[0.8, 1.3863156803586716, -0.0032131195068359378, 2.183102560851836]",[6]
[6],4,"[0.8, 1.389216425738411, -0.0032077789306640624, 2.186008646807747]",[13]
[13],0,"[0.8, 1.3863293379248667, -0.003207683563232422, 2.183121654361634]",[13]
[13],0,"[0.8, 1.389216089589563, -0.0032073974609375003, 2.1860086921286257]",[9]
[9],0,"[0.8, 1.3347002484838493, -0.011705589294433594, 2.1229946591894158]",[35]
[35],0,"[0.8, 1.272484773719949, -0.038098621368408206, 2.0343861523515407]",[29]
[29],4,"[0.8, 0.5524047610881927, -9.878864511847496e-06, 1.3523948822236809]",[49]
[49],0,"[0.8, 0.0, -0.0, 0.8]",[49]
[49],5,"[0.8, 0.0, -0.0, 0.8]",[49]
[49],5,"[0.8, 0.0, -0.0, 0.8]",[49]
[49],5,"[0.8, 0.618247335136945, -0.00014170249924063682, 1.4181056326377044]",[49]
[49],3,"[0.8, 0.6269099107839589, -0.03196721076965332, 1.3949427000143055]",[4]
[4],4,"[0.8, 1.3877977004752053, -0.0001895904541015625, 2.187608110021104]",[24]
[24],4,"[0.8, 1.3877104168958567, -8.106231689453125e-06, 2.187702310664167]",[18]
[18],0,"[0.8, 1.3877185545747281, -1.1634826660156251e-05, 2.1877069197480683]",[2]
[2],3,"[0.8, 1.3877072269565982, -1.1539459228515625e-05, 2.18769568749737]",[21]
[21],0,"[0.8, 1.5470078708339468, -0.0008028030395507813, 2.346205067794396]",[17]
[17],0,"[0.8, 0.014799558201980423, -0.016424856185913085, 0.7983747020160674]",[12]
[12],4,"[0.8, 0.014799891946953542, -0.016425222158432007, 0.7983746697885216]",[12]
[12],4,"[0.8, 1.7245538551747755e-05, -0.016424716711044313, 0.7835925288275075]",[12]
[12],4,"[0.8, 0.014800043057480367, -0.016425390243530274, 0.7983746528139501]",[12]
[12],4,"[0.8, 0.014800533404346032, -0.01642593741416931, 0.7983745959901768]",[12]
[12],7,"[0.8, 0.6749804311132006, -0.008912849426269532, 1.466067581686931]",[27]
[27],0,"[0.8, 0.8981896281434605, -0.043878698348999025, 1.6543109297944616]",[14]
[14],4,"[0.8, 0.7610880069487694, -2.1475646644830703e-05, 1.5610665313021248]",[7]
[7],0,"[0.8, 0.0001954000918686507, -1.2344318747636862e-07, 0.8001952766486812]",[36]
[36],7,"[0.8, 7.03851708081008e-08, -9.179057514074885e-12, 0.8000000703759917]",[36]
[36],7,"[0.8, 1.5450403015316972e-08, -1.3919675190265936e-10, 0.8000000153112063]",[36]
[36],7,"[0.8, 0.6855912865917498, -6.37606717646122e-07, 1.4855906489850321]",[32]
[32],4,"[0.8, 0.8907171429082577, -0.04569978713989258, 1.6450173557683652]",[19]
[19],7,"[0.8, 1.1204463316026338, -0.019418811798095705, 1.901027519804538]",[6]
[6],6,"[0.8, 1.1104923138442733, -0.07362489700317383, 1.8368674168410994]",[6]
[6],0,"[0.8, 1.1174184533709635, -0.020308208465576173, 1.8971102449053874]",[13]
[13],5,"[0.8, 1.1605692046000635, -0.03276615142822266, 1.9278030531718409]",[13]
[13],5,"[0.8, 0.990134754110756, -0.077996826171875, 1.712137927938881]",[9]
[9],0,"[0.8, 0.9369460743746049, -0.00897960662841797, 1.727966467746187]",[9]
[9],0,"[0.8, 0.9272537513919187, -0.0012440681457519531, 1.7260096832461667]",[35]
[35],0,"[0.8, 0.0, -0.0, 0.8]",[47]
[47],5,"[0.8, 0.0, -0.0, 0.8]",[47]
[47],5,"[0.8, 0.0, -0.0, 0.8]",[47]
[47],5,"[0.8, 0.7338296010394765, -0.020374393463134768, 1.5134552075763419]",[29]
[29],4,"[0.8, 1.3892221411385632, -0.0005460957065224648, 2.188676045432041]",[29]
[29],3,"[0.8, 3.465946894481391e-05, -2.3932311705721076e-08, 0.8000346355366331]",[49]
[49],6,"[0.8, 3.441427295476722e-08, -4.3399136302468835e-08, 0.7999999910151367]",[49]
[49],6,"[0.8, 5.7806968924966794e-08, -1.8501480099075706e-08, 0.8000000393054889]",[49]
[49],6,"[0.8, 5.4933719306604963e-08, -1.3861685133065295e-10, 0.8000000547951025]",[49]
[49],6,"[0.8, 0.8250151061668923, -4.534493200480938e-06, 1.625010571673692]",[4]
[4],0,"[0.8, 1.4274435541822457, -0.0025814056396484377, 2.2248621485425972]",[24]
[24],4,"[0.8, 1.4293202772317493, -0.0031439781188964846, 2.226176299112853]",[18]
[18],0,"[0.8, 1.4293188170046482, -0.0031436920166015626, 2.226175124988047]",[2]
[2],0,"[0.8, 1.4321477813583825, -0.0031435012817382815, 2.2290042800766443]",[21]
[21],0,"[0.8, 1.1551519890121098, -0.0021630287170410155, 1.9529889602950687]",[17]
[17],0,"[0.8, 1.154902472923009, -0.005157089233398438, 1.9497453836896106]",[27]
[27],4,"[0.8, 0.0, -0.0, 0.8]",[12]
[12],5,"[0.8, 0.0, -0.0, 0.8]",[12]
[12],5,"[0.8, 0.0, -0.0, 0.8]",[12]
[12],5,"[0.8, 0.0, -0.0, 0.8]",[12]
[12],5,"[0.8, 0.11967443384084116, -0.026677215099334718, 0.8929972187415065]",[12]
[12],0,"[0.8, 1.1518082967854582, -0.029818916320800783, 1.9219893804646575]",[14]
[14],6,"[0.8, 1.0888081169367618, -0.0002522844634950161, 1.8885558324732667]",[48]
[48],3,"[0.8, 0.9362189277398276, -1.6881851479411125e-05, 1.7362020458883483]",[48]
[48],0,"[0.8, 1.0723423589369256, -0.0002388264611363411, 1.8721035324757893]",[3]
[3],4,"[0.8, 0.0015380818686442572, -3.3770138543332e-07, 0.8015377441672589]",[3]
[3],5,"[0.8, 0.0, -0.0, 0.8]",[3]
[3],5,"[0.8, 0.0, -0.0, 0.8]",[3]
[3],5,"[0.8, 0.0, -0.0, 0.8]",[3]
[3],5,"[0.8, 0.007907110963192947, -2.3731519468128683e-05, 0.8078833794437249]",[3]
[3],3,"[0.8, 1.78071334133485, -6.847381591796875e-05, 2.5806448675189317]",[28]
[28],4,"[0.8, 1.7685978594717295, -3.814697265625e-07, 2.568597478002003]",[15]
[15],0,"[0.8, 1.7684171934533297, -0.0010299772024154664, 2.567387216250914]",[15]
[15],3,"[0.8, -0.2, -6.863716989755631e-05, 0.5999313628301025]",[15]
[15],0,"[0.8, 1.9667175989194918, -1.5892088413238525e-05, 2.7667017068310784]",[19]
[19],5,"[0.8, 1.2723194110420564, -9.838957339525223e-07, 2.0723184271463224]",[31]
[31],0,"[0.8, 1.273030372161732, -5.523208528757095e-06, 2.073024848953203]",[5]
[5],0,"[0.8, 1.2730339350869366, -0.00025564730167388917, 2.0727782877852627]",[5]
[5],4,"[0.8, 1.2761785408102906, -0.0012914657592773438, 2.0748870750510133]",[5]
[5],3,"[0.8, 1.2667115536110969, -0.004650402069091797, 2.062061151542005]",[5]
[5],4,"[0.8, 5.315525725527729e-07, -3.0652158784505444e-08, 0.8000005009004139]",[5]
[5],7,"[0.8, 5.750656633179047e-07, -5.456288754146499e-11, 0.8000005750111004]",[5]
[5],7,"[0.8, 4.669292126354094e-07, -4.1678394069322167e-10, 0.8000004665124287]",[5]
[5],7,"[0.8, 7.759094594250791e-07, -4.767147743223177e-09, 0.8000007711423117]",[5]
[5],7,"[0.8, 0.6182273012355641, -0.05908050537109375, 1.3591467958644703]",[5]
[5],4,"[0.8, 1.9615831475606225, -0.026833343505859374, 2.734749804054763]",[23]
[23],1,"[0.8, 0.7678652021371423, -0.002166271209716797, 1.5656989309274256]",[42]
[42],1,"[0.8, 2.0693914628917747, -0.001812744140625, 2.86757871875115]",[42]
[42],0,"[0.8, 1.146929337583663, -0.08371562957763672, 1.8632137080060263]",[37]
[37],7,"[0.8, 0.8118719751221253, -0.0001312255859375, 1.611740749536188]",[37]
[37],0,"[0.8, 0.8119171482847364, -3.814697265625e-07, 1.6119167668150098]",[30]
[30],0,"[0.8, 7.701389311074907e-06, -1.5825331502128393e-06, 0.8000061188561609]",[30]
[30],6,"[0.8, 6.885218594631982e-09, -1.9860316058384342e-10, 0.8000000066866155]",[30]
[30],6,"[0.8, 0.0008042334879407542, -0.00017573386430740358, 0.8006284996236334]",[30]
[30],5,"[0.8, 0.8165517334951181, -0.041457176208496094, 1.5750945572866222]",[30]
[30],2,"[0.8, 0.8826701341408344, -2.1085096523165703e-05, 1.6826490490443113]",[30]
[30],0,"[0.8, 4.1220544761398677e-07, -1.980615479624248e-08, 0.8000003923992929]",[30]
[30],6,"[0.8, 4.858734629494131e-08, -7.698723436533329e-10, 0.800000047817474]",[30]
[30],6,"[0.8, 9.614004307547266e-08, -2.6431916921865197e-09, 0.8000000934968514]",[30]
[30],6,"[0.8, 4.1202321826354657e-08, -4.5602138953881877e-10, 0.8000000407463005]",[30]
[30],6,"[0.8, 4.806553744391465e-08, -4.2162455748950835e-11, 0.800000048023375]",[30]
[30],6,"[0.8, 1.7166224632836435e-08, -3.212721821910236e-10, 0.8000000168449525]",[30]
[30],6,"[0.8, 0.9554758165966089, -0.010675787925720215, 1.7448000286708887]",[39]
[39],4,"[0.8, 1.559715443520928, -3.4141540527343754e-05, 2.359681301980401]",[37]
[37],0,"[0.8, 1.5594288029617411, -6.4849853515625e-06, 2.3594223179763896]",[37]
[37],0,"[0.8, 1.5594280841313033, -4.9591064453125e-06, 2.359423125024858]",[46]
[46],3,"[0.8, 0.00018397380726349597, -5.254377610981465e-05, 0.8001314300311537]",[10]
[10],7,"[0.8, 5.8365583150863904e-08, -9.100791089622362e-09, 0.8000000492647921]",[10]
[10],7,"[0.8, 3.948225651906527e-08, -1.6199548369399964e-10, 0.8000000393202611]",[10]
[10],7,"[0.8, 1.5004475341908204e-07, -5.488587362378894e-11, 0.8000001499898676]",[10]
[10],7,"[0.8, 1.1679704791149441e-07, -2.753582251102671e-10, 0.8000001165216898]",[10]
[10],7,"[0.8, 0.7389151145057626, -0.004257965087890625, 1.534657149417872]",[10]
[10],4,"[0.8, 0.002011224426361293, -0.00013767460361123086, 0.80187354982275]",[26]
[26],7,"[0.8, 6.866800716190082e-08, -2.774133811556112e-10, 0.8000000683905938]",[26]
[26],7,"[0.8, 0.9638183163804594, -0.007559466361999512, 1.75625885001846]",[42]
[42],4,"[0.8, 1.9266380384941095, -6.2942504882812505e-06, 2.726631744243621]",[42]
[42],3,"[0.8, 1.358808288889414, -0.0010498046875, 2.157758484201914]",[37]
[37],4,"[0.8, 1.3733839698614692, -1.1348724365234375e-05, 2.173372621137104]",[30]
[30],0,"[0.8, 3.2322895107273445e-06, -6.239752110559494e-08, 0.8000031698919897]",[30]
[30],7,"[0.8, 5.778377255564126e-08, -2.5526123437202844e-10, 0.8000000575285113]",[30]
[30],7,"[0.8, 1.3410010234903376, -0.01494722366333008, 2.1260537998270075]",[30]
[30],0,"[0.8, 1.3748727893765194, -0.003211784362792969, 2.1716610050137266]",[22]
[22],3,"[0.8, 1.3710963044303206, -3.807693719863892e-05, 2.171058227493122]",[22]
[22],3,"[0.8, -0.2, -0.0003039110451936722, 0.5996960889548064]",[39]
[39],3,"[0.8, -0.2, -2.1199323236942293e-05, 0.5999788006767631]",[4]
[4],5,"[0.8, 2.153024195733762, -9.833648800849916e-06, 2.9530143620849607]",[38]
[38],0,"[0.8, 1.4334632108126346, -0.023827838897705077, 2.2096353719149295]",[38]
[38],3,"[0.8, 9.67958767815788e-08, -1.6306557881762273e-09, 0.8000000951652211]",[1]
[1],6,"[0.8, 1.9054413436206172e-07, -5.364982236244487e-11, 0.8000001904904845]",[1]
[1],6,"[0.8, 1.5778512417007453, -0.05254306793212891, 2.3253081737686165]",[11]
[11],4,"[0.8, 1.4050761505469431, -1.0461919009685516e-05, 2.2050656886279336]",[25]
[25],0,"[0.8, 1.4018769004968867, -0.0002586299553513527, 2.2016182705415357]",[33]
[33],3,"[0.8, 0.0, -0.0, 0.8]",[33]
[33],5,"[0.8, 0.0, -0.0, 0.8]",[33]
[33],5,"[0.8, 0.1437272375497924, -5.944100208580494e-05, 0.9436677965477067]",[33]
[33],3,"[0.8, 1.4152411624079908, -0.019013404846191406, 2.1962277575617994]",[4]
[4],3,"[0.8, 1.4020470467759998, -9.918212890625e-06, 2.2020371285631093]",[24]
[24],3,"[0.8, 1.2227254488924473, -0.0031289100646972657, 2.0195965388277504]",[18]
[18],0,"[0.8, 1.2156124987524008, -9.34600830078125e-06, 2.0156031527441]",[2]
[2],3,"[0.8, 1.2156225166574348, -1.0395050048828125e-05, 2.0156121216073863]",[21]
[21],3,"[0.8, 1.2156324996151935, -1.201629638671875e-05, 2.0156204833188065]",[17]
[17],3,"[0.8, 1.095351080816163, -0.008371925354003907, 1.886979155462159]",[27]
[27],3,"[0.8, 1.2144807088524732, -0.06454272270202636, 1.949937986150447]",[14]
[14],4,"[0.8, 1.04317272657057, -2.4405308067798616e-07, 1.8431724825174893]",[32]
[32],0,"[0.8, 0.0, -0.0, 0.8]",[36]
[36],5,"[0.8, 0.0, -0.0, 0.8]",[36]
[36],5,"[0.8, 0.9614540520886896, -1.4817132614552974e-05, 1.7614392349560752]",[32]
[32],0,"[0.8, 2.069040248162896, -0.0002857246994972229, 2.868754523463399]",[19]
[19],3,"[0.8, 0.0, -7.915676178527065e-08, 0.7999999208432382]",[20]
[20],5,"[0.8, 0.0, -0.0, 0.8]",[20]
[20],5,"[0.8, 0.0, -0.0, 0.8]",[20]
[20],5,"[0.8, 0.0, -0.0, 0.8]",[20]
[20],5,"[0.8, 0.0, -0.0, 0.8]",[20]
[20],5,"[0.8, 0.0, -0.0, 0.8]",[20]
[20],5,"[0.8, 0.0, -0.0, 0.8]",[20]
[20],5,"[0.8, 0.7682776168582555, -6.223272066563368e-07, 1.5682769945310489]",[40]
[40],0,"[0.8, 0.9417464637643426, -0.04597053527832031, 1.6957759284860223]",[40]
[40],4,"[0.8, 0.8528943333271422, -0.0013044357299804687, 1.6515898975971617]",[16]
[16],4,"[0.8, 2.760091838938301e-08, -4.895033711704855e-10, 0.800000027111415]",[16]
[16],6,"[0.8, 6.182474416493047e-08, -7.247806799171031e-11, 0.8000000617522661]",[16]
[16],6,"[0.8, 2.575793155398994e-08, -4.531743869051752e-10, 0.8000000253047572]",[16]
[16],6,"[0.8, 0.9669394970512905, -0.038758373260498045, 1.7281811237907925]",[16]
[16],0,"[0.8, 2.040662906863482, -0.0018848419189453126, 2.8387780649445364]",[46]
[46],0,"[0.8, 2.0406627372618433, -0.0018848419189453126, 2.838777895342898]",[37]
[37],0,"[0.8, 1.182983446049559, -0.006772613525390625, 1.9762108325241683]",[41]
[41],0,"[0.8, 0.0, -0.0, 0.8]",[41]
[41],5,"[0.8, 0.0, -0.0, 0.8]",[41]
[41],5,"[0.8, 1.5821427978459894, -0.004211044311523438, 2.377931753534466]",[39]
[39],3,"[0.8, 0.9989410100665902, -8.282172493636609e-05, 1.798858188341654]",[30]
[30],0,"[0.8, 2.0865714528962465, -0.00037631988525390627, 2.8861951330109923]",[22]
[22],3,"[0.8, 2.0768453727417446, -0.00246676504611969, 2.8743786076956246]",[22]
[22],3,"[0.8, -0.2, -0.00041421473026275634, 0.5995857852697373]",[39]
[39],3,"[0.8, -0.2, -2.9976200312376023e-05, 0.5999700237996877]",[4]
[4],0,"[0.8, 1.944384811523287, -2.3319199681282043e-05, 2.7443614923236055]",[38]
[38],5,"[0.8, 1.303939537793303, -0.000305938720703125, 2.1036335990726]",[38]
[38],4,"[0.8, 0.0, -0.0, 0.8]",[1]
[1],5,"[0.8, 0.0, -0.0, 0.8]",[1]
[1],5,"[0.8, 0.0, -0.0, 0.8]",[1]
[1],5,"[0.8, 0.0, -0.0, 0.8]",[1]
[1],5,"[0.8, 0.0, -0.0, 0.8]",[1]
[1],5,"[0.8, 0.0, -0.0, 0.8]",[1]
[1],5,"[0.8, 0.0, -0.0, 0.8]",[1]
[1],5,"[0.8, 0.7543579872360198, -0.00982060432434082, 1.5445373829116789]",[1]
[1],4,"[0.8, 0.7686484482885075, -5.1736878231167796e-05, 1.5685967114102763]",[11]
[11],4,"[0.8, 0.7689901670510765, -1.1832453310489654e-07, 1.5689900487265436]",[25]
[25],0,"[0.8, 0.9287573179443994, -2.4059787392616273e-06, 1.7287549119656602]",[25]
[25],0,"[0.8, 1.057496656275154, -1.0363105684518815e-05, 1.8574862931694696]",[33]
[33],5,"[0.8, 0.7964969461732898, -0.0001848522946238518, 1.596312093878666]",[33]
[33],3,"[0.8, 0.9734771589589656, -3.709690645337105e-06, 1.7734734492683204]",[4]
[4],0,"[0.8, 0.8550773190251448, -3.1074322760105136e-05, 1.6550462447023848]",[29]
[29],0,"[0.8, 1.0638630776778891e-07, -1.905187900774763e-08, 0.8000000873344288]",[29]
[29],7,"[0.8, 1.1852437309976574e-07, -8.431289444388313e-10, 0.8000001176812442]",[29]
[29],7,"[0.8, 9.290953276129468e-08, -2.5475219445070254e-09, 0.8000000903620108]",[29]
[29],7,"[0.8, 7.930582816322604e-08, -6.920544137756225e-11, 0.8000000792366228]",[29]
[29],7,"[0.8, 0.0, -4.478456503420602e-09, 0.7999999955215435]",[29]
[29],7,"[0.8, 1.2048950886666133e-08, -2.176442194468109e-08, 0.799999990284529]",[29]
[29],7,"[0.8, 0.9558924116024345, -0.0031519055366516116, 1.752740506065783]",[29]
[29],3,"[0.8, 1.7685675464341157, -4.1961669921875e-06, 2.568563350267124]",[35]
[35],0,"[0.8, 1.7685710614825059, -3.6239624023437503e-06, 2.5685674375201035]",[9]
[9],4,"[0.8, 1.7980854256265695, -5.950927734375e-05, 2.5980259163492256]",[13]
[13],0,"[0.8, 1.797327285842438, -5.53131103515625e-06, 2.5973217545314027]",[6]
[6],3,"[0.8, 1.2670232065152867e-05, -2.0017308997921645e-06, 0.8000106685011654]",[8]
[8],6,"[0.8, 1.3955940975424932, -0.043874359130859374, 2.151719738411634]",[19]
[19],3,"[0.8, 1.170474005875049, -4.857410676777363e-05, 1.9704254317682812]",[7]
[7],0,"[0.8, 0.0, -1.859855501606944e-08, 0.799999981401445]",[36]
[36],7,"[0.8, 1.7712560465045586, -0.027071380615234376, 2.5441846658893246]",[14]
[14],3,"[0.8, 0.94378665505806, -0.007067394256591797, 1.7367192608014683]",[17]
[17],3,"[0.8, 0.8772632905310866, -0.031035327911376955, 1.6462279626197098]",[21]
[21],0,"[0.8, 0.8828457547006319, -0.04644842147827149, 1.6363973332223605]",[21]
[21],0,"[0.8, 1.0250146457704064, -0.029628753662109375, 1.795385892108297]",[2]
[2],5,"[0.8, 0.934165212123181, -0.008771610260009766, 1.7253936018631713]",[18]
[18],4,"[0.8, 0.9428416227503089, -0.014431095123291016, 1.7284105276270179]",[18]
[18],3,"[0.8, 0.9244631318757544, -0.010518836975097657, 1.7139442949006567]",[24]
[24],0,"[0.8, 0.0, -0.0, 0.8]",[45]
[45],5,"[0.8, 0.0, -0.0, 0.8]",[45]
[45],5,"[0.8, 0.0, -0.0, 0.8]",[45]
[45],5,"[0.8, 0.0, -0.0, 0.8]",[45]
[45],5,"[0.8, 0.0, -0.0, 0.8]",[45]
[45],5,"[0.8, 0.0, -0.0, 0.8]",[45]
[45],5,"[0.8, 0.9131309961121175, -0.02034444808959961, 1.692786548022518]",[4]
[4],5,"[0.8, 1.4032112504866716, -6.230175495147705e-05, 2.2031489487317204]",[4]
[4],3,"[0.8, 1.4104005816061489e-07, -2.4633573048049586e-09, 0.8000001385767009]",[29]
[29],6,"[0.8, 0.7659751907547073, -0.0001105673611164093, 1.565864623393591]",[29]
[29],3,"[0.8, 1.6822806481046915, -7.82012939453125e-06, 2.4822728279752972]",[35]
[35],0,"[0.8, 1.6822811424625734, -6.4849853515625e-06, 2.482274657477222]",[9]
[9],0,"[0.8, 1.6822743876300028, -8.0108642578125e-06, 2.482266376765745]",[13]
[13],0,"[0.8, 0.3230103288231861, -0.009354209899902344, 1.1136561189232839]",[6]
[6],4,"[0.8, 1.5147410515176971, -0.005603218078613282, 2.3091378334390837]",[6]
[6],3,"[0.8, 1.2770057245623538, -0.045471572875976564, 2.0315341516863774]",[19]
[19],3,"[0.8, 1.1807254220701082, -3.912192769348621e-05, 1.9806863001424149]",[7]
[7],0,"[0.8, 1.5539429328971518e-07, -4.678932441493089e-09, 0.8000001507153609]",[36]
[36],7,"[0.8, 1.641108082653621, -0.10018253326416016, 2.340925549389461]",[14]
[14],3,"[0.8, 1.9840950143199578, -1.9073486328125e-07, 2.784094823585095]",[17]
[17],0,"[0.8, 1.984095531938682, -3.814697265625e-07, 2.7840951504689553]",[21]
[21],0,"[0.8, 1.3439351178892291, -0.0017502784729003906, 2.1421848394163288]",[18]
[18],4,"[0.8, 1.3447168790640025, -1.8596649169921875e-05, 2.144698282414833]",[24]
[24],4,"[0.8, 5.197625035131872e-06, -1.3226483133621513e-06, 0.8000038749767218]",[45]
[45],6,"[0.8, 0.7572838215909261, -0.05233497619628907, 1.5049488453946371]",[4]
[4],4,"[0.8, 1.343396300100101, -0.0006876289844512939, 2.14270867111565]",[4]
[4],3,"[0.8, 0.0004433745414542472, -2.5595581973902883e-07, 0.8004431185856345]",[49]
[49],5,"[0.8, 0.7666506499298007, -1.4682114124298097e-05, 1.5666359678156765]",[29]
[29],3,"[0.8, 1.2285344468947519, -0.0002711296081542969, 2.028263317286598]",[35]
[35],4,"[0.8, 1.229985874247702, -5.14984130859375e-06, 2.0299807244063937]",[35]
[35],3,"[0.8, 1.0813985866312186, -0.0365509033203125, 1.8448476833109062]",[9]
[9],5,"[0.8, 1.2265781404029106, -0.003886985778808594, 2.022691154624102]",[13]
[13],0,"[0.8, 1.2285086725480614, -0.0034261703491210937, 2.0250825021989405]",[13]
[13],0,"[0.8, 1.231594029274693, -0.003427696228027344, 2.0281663330466655]",[6]
[6],0,"[0.8, 0.0, -0.0, 0.8]",[8]
[8],5,"[0.8, 0.0, -0.0, 0.8]",[8]
[8],5,"[0.8, 0.0, -0.0, 0.8]",[8]
[8],5,"[0.8, 0.0, -0.0, 0.8]",[8]
[8],5,"[0.8, 0.0, -0.0, 0.8]",[8]
[8],5,"[0.8, 0.0, -0.0, 0.8]",[8]
[8],5,"[0.8, 0.0, -0.0, 0.8]",[8]
[8],5,"[0.8, 0.7816421807885807, -0.008833885192871094, 1.5728082955957097]",[19]
[19],4,"[0.8, 1.4344107719825587, -2.1889060735702515e-05, 2.234388882921823]",[7]
[7],0,"[0.8, 1.0565088175517176e-07, -3.0120868359517774e-08, 0.8000000755300134]",[36]
[36],6,"[0.8, 1.3404908707607244, -0.05188531875610352, 2.088605552004621]",[14]
[14],3,"[0.8, 1.826094074289526, -3.814697265625e-07, 2.6260936928197998]",[17]
[17],0,"[0.8, 1.8260940786333995, -3.814697265625e-07, 2.626093697163673]",[21]
[21],3,"[0.8, 1.8260941308268226, -0.0, 2.6260941308268224]",[18]
[18],3,"[0.8, 1.8016361100493279, -0.012419891357421876, 2.589216218691906]",[24]
[24],0,"[0.8, 4.05397954650874e-06, -1.0058272891910747e-06, 0.8000030481522573]",[45]
[45],6,"[0.8, 1.5146095570992761, -0.02369937896728516, 2.290910178131991]",[4]
[4],3,"[0.8, 1.1311713798220837, -0.00020143454894423486, 1.9309699452731395]",[29]
[29],4,"[0.8, 3.6074772501375164e-08, -1.039862809193437e-09, 0.8000000350349097]",[29]
[29],6,"[0.8, 1.1636548831970663, -0.012857294082641602, 1.9507975891144247]",[29]
[29],3,"[0.8, 2.1132286623775873, -2.288818359375e-06, 2.913226373559228]",[35]
[35],0,"[0.8, 2.1132267351366147, -3.24249267578125e-06, 2.9132234926439393]",[9]
[9],4,"[0.8, 1.3332860843729533, -0.0035430908203125003, 2.129742993552641]",[13]
[13],4,"[0.8, 1.3289759790855427, -0.0032899856567382814, 2.1256859934288044]",[6]
[6],0,"[0.8, 0.00041902462088072123, -0.00011410512961447239, 0.8003049194912663]",[8]
[8],5,"[0.8, 1.3367815234420166, -0.032134628295898436, 2.104646895146118]",[19]
[19],3,"[0.8, 1.1382403364996352, -0.0001578127034008503, 1.9380825237962345]",[7]
[7],3,"[0.8, 0.00015615163887426942, -4.0415366129309405e-08, 0.8001561112235082]",[36]
[36],0,"[0.8, 1.3324296776560423, -0.00556182861328125, 2.1268678490427613]",[14]
[14],3,"[0.8, 1.3462644283977074, -0.0032624244689941407, 2.1430020039287134]",[17]
[17],0,"[0.8, 1.3433188619525191, -0.0032692909240722655, 2.140049571028447]",[21]
[21],0,"[0.8, 1.343318951500003, -0.0032692909240722655, 2.1400496605759307]",[2]
[2],0,"[0.8, 1.3462612259947335, -0.0032695770263671876, 2.1429916489683665]",[18]
[18],0,"[0.8, 1.3462612297183993, -0.0032692909240722655, 2.142991938794327]",[24]
[24],0,"[0.8, 1.316748729181328, -0.06017770767211914, 2.056571021509209]",[4]
[4],3,"[0.8, 1.152343860515735, -0.00026628468185663223, 1.9520775758338784]",[29]
[29],6,"[0.8, 0.8035139410728285, -0.00014952644705772402, 1.6033644146257708]",[29]
[29],3,"[0.8, 1.1262084985816718, -0.002716827392578125, 1.9234916711890937]",[35]
[35],3,"[0.8, 1.1279134530612394, -0.0035556793212890626, 1.9243577737399504]",[35]
[35],0,"[0.8, 1.1310980298685318, -0.0035605430603027344, 1.9275374868082291]",[9]
[9],0,"[0.8, 1.1310982232017823, -0.003560733795166016, 1.9275374894066164]",[13]
[13],4,"[0.8, 1.1278935465015232, -0.003560447692871094, 1.9243330988086522]",[13]
[13],0,"[0.8, 0.7838608489261514, -0.04326009750366211, 1.5406007514224893]",[6]
[6],0,"[0.8, 0.8741712225898053, -0.031781673431396484, 1.6423895491584088]",[6]
[6],0,"[0.8, 0.0, -0.00014484255574643613, 0.7998551574442536]",[8]
[8],5,"[0.8, 0.0, -0.0, 0.8]",[8]
[8],5,"[0.8, 0.0, -0.0, 0.8]",[8]
[8],5,"[0.8, 0.0, -0.0, 0.8]",[8]
[8],5,"[0.8, 0.0, -0.0, 0.8]",[8]
[8],5,"[0.8, 0.0, -0.0, 0.8]",[8]
[8],5,"[0.8, 0.0, -0.0, 0.8]",[8]
[8],5,"[0.8, 1.1840529296312365, -0.07795901298522949, 1.9060939166460071]",[19]
[19],2,"[0.8, 1.1371795463601808, -0.00011359451338648797, 1.9370659518467943]",[40]
[40],3,"[0.8, 3.2474466216325205e-07, -1.4746889291927802e-08, 0.8000003099977729]",[20]
[20],6,"[0.8, 2.930925192409149e-08, -4.4690918912237974e-08, 0.7999999846183331]",[20]
[20],6,"[0.8, 1.85414740346874e-07, -2.1910320811002748e-08, 0.8000001635044196]",[20]
[20],6,"[0.8, 5.549439433109021e-08, -1.6096269064291846e-08, 0.8000000393981254]",[20]
[20],3,"[0.8, 1.7698783373548825, -0.05007572174072266, 2.51980261561416]",[40]
[40],4,"[0.8, 0.000519794244853315, -0.00013838917948305607, 0.8003814050653703]",[16]
[16],7,"[0.8, 1.3046279421084383e-07, -9.076317475376072e-11, 0.8000001303720311]",[16]
[16],7,"[0.8, 1.0986379789715926e-07, -1.6371096478451364e-10, 0.800000109700087]",[16]
[16],7,"[0.8, 3.091926590738257e-08, -1.6371652478142097e-10, 0.8000000307555494]",[16]
[16],7,"[0.8, 0.15667011056982916, -0.04065679550170898, 0.9160133150681202]",[16]
[16],4,"[0.8, 1.6946729021148739, -0.003447151184082031, 2.491225750930792]",[10]
[10],0,"[0.8, 1.71262367686227, -0.08479785919189453, 2.4278258176703753]",[46]
[46],0,"[0.8, 1.5976174443782978, -0.0028217315673828127, 2.394795712810915]",[37]
[37],0,"[0.8, 1.2723341299734274, -0.012573909759521485, 2.059760220213906]",[41]
[41],0,"[0.8, 0.0, -0.0, 0.8]",[41]
[41],5,"[0.8, 0.7740527576808782, -0.05312204360961914, 1.5209307140712591]",[41]
[41],4,"[0.8, 1.6677982944846386, -0.0017583146691322327, 2.4660399798155064]",[39]
[39],3,"[0.8, 0.00023367520495110082, -7.46194928069599e-08, 0.8002336005854583]",[34]
[34],7,"[0.8, 7.381541824073069e-08, -9.299870384893439e-10, 0.8000000728854313]",[34]
[34],7,"[0.8, 2.0427921253395102e-07, -2.929099807147395e-10, 0.8000002039863026]",[34]
[34],7,"[0.8, 1.373655288643891e-08, -1.57699719949278e-10, 0.8000000135788532]",[34]
[34],7,"[0.8, 0.844073447273636, -1.3069109991192818e-05, 1.644060378163645]",[34]
[34],0,"[0.8, 1.576549134516137, -4.1297636926174166e-06, 2.376545004752445]",[29]
[29],0,"[0.8, 0.0, -0.0, 0.8]",[49]
[49],5,"[0.8, 0.0, -0.0, 0.8]",[49]
[49],5,"[0.8, 0.0, -0.0, 0.8]",[49]
[49],5,"[0.8, 0.0, -0.0, 0.8]",[49]
[49],5,"[0.8, 0.0, -0.0, 0.8]",[49]
[49],5,"[0.8, 0.0, -0.0, 0.8]",[49]
[49],5,"[0.8, 0.0, -0.0, 0.8]",[49]
[49],5,"[0.8, 0.7410193603578364, -4.518777132034302e-06, 1.5410148415807043]",[4]
[4],4,"[0.8, 1.8686038480710274, -0.0005418777465820313, 2.6680619703244455]",[24]
[24],4,"[0.8, 1.8691757897920978, -2.6702880859375003e-06, 2.669173119504012]",[18]
[18],4,"[0.8, 1.869176454639272, -4.00543212890625e-06, 2.669172449207143]",[21]
[21],0,"[0.8, 1.869178690259187, -4.57763671875e-06, 2.669174112622468]",[17]
[17],0,"[0.8, 8.053607707211813e-05, -2.333170734345913e-05, 0.8000572043697287]",[12]
[12],7,"[0.8, 1.7184618546439015e-08, -2.5481840637553434e-10, 0.8000000169298002]",[12]
[12],7,"[0.8, 1.04713608889621e-07, -5.416080917086674e-11, 0.8000001046594482]",[12]
[12],7,"[0.8, 5.8365483113513544e-08, -7.245737343453129e-11, 0.8000000582930258]",[12]
[12],7,"[0.8, 1.5449639877644817e-08, -1.2666710347275513e-10, 0.8000000153229728]",[12]
[12],7,"[0.8, 1.1501394316393619e-07, -1.7913404093405916e-11, 0.8000001149960299]",[12]
[12],7,"[0.8, 6.694799700439266e-08, -1.9973729337152691e-10, 0.8000000667482597]",[12]
[12],7,"[0.8, 0.8953096519329335, -0.009547042846679689, 1.6857626090862539]",[14]
[14],3,"[0.8, 0.898017209465802, -1.186579465866089e-05, 1.6980053436711433]",[14]
[14],3,"[0.8, 0.8980206727484316, -2.1746382117271423e-06, 1.69801849811022]",[48]
[48],0,"[0.8, 1.7698209108329899, -6.0156686231493955e-06, 2.5698148951643667]",[48]
[48],5,"[0.8, 0.0, -0.0, 0.8]",[3]
[3],5,"[0.8, 0.0, -0.0, 0.8]",[3]
[3],5,"[0.8, 0.0, -0.0, 0.8]",[3]
[3],5,"[0.8, 0.0, -0.0, 0.8]",[3]
[3],5,"[0.8, 0.4682046473742607, -5.056083318777383e-06, 1.268199591290942]",[3]
[3],0,"[0.8, 1.668658061544391, -0.0002079010009765625, 2.4684501605434144]",[28]
[28],3,"[0.8, 1.3038012827881749, -0.0005352973937988282, 2.1032659853943763]",[15]
[15],3,"[0.8, 1.289626864539777, -0.009171760082244873, 2.080455104457532]",[15]
[15],4,"[0.8, -0.2, -5.437515210360289e-06, 0.5999945624847897]",[15]
[15],0,"[0.8, 2.531213032621091, -0.0001662304624915123, 3.3310468021585997]",[7]
[7],0,"[0.8, 1.3032236143253941, -0.00024639517068862914, 2.1029772191547056]",[31]
[31],4,"[0.8, 1.3002876997618393, -1.4082528650760652e-06, 2.1002862915089744]",[40]
[40],0,"[0.8, 1.3032813609173592, -1.3660173863172531e-06, 2.1032799948999727]",[5]
[5],0,"[0.8, 1.3009034681217018, -0.05187845230102539, 2.0490250158206766]",[5]
[5],4,"[0.8, 1.314763810615585, -0.003206634521484375, 2.1115571760941005]",[5]
[5],0,"[0.8, 0.0011097407913658946, -0.00023934692144393923, 0.800870393869922]",[5]
[5],6,"[0.8, 0.0, -0.0, 0.8]",[5]
[5],5,"[0.8, 0.0, -0.0, 0.8]",[5]
[5],5,"[0.8, 0.0, -0.0, 0.8]",[5]
[5],5,"[0.8, 0.8603479354059238, -0.013259220123291017, 1.6470887152826328]",[5]
[5],0,"[0.8, 1.7644532315562065, -0.017064666748046877, 2.5473885648081596]",[23]
[23],5,"[0.8, 0.0, -0.0, 0.8]",[0]
[0],5,"[0.8, 0.0, -0.0, 0.8]",[0]
[0],5,"[0.8, 0.0, -0.0, 0.8]",[0]
[0],5,"[0.8, 0.0, -0.0, 0.8]",[0]
[0],5,"[0.8, 0.0, -0.0, 0.8]",[0]
[0],5,"[0.8, 0.0, -0.0, 0.8]",[0]
[0],5,"[0.8, 0.0, -0.0, 0.8]",[0]
[0],5,"[0.8, 1.2320495379187886, -0.06437978744506836, 1.9676697504737202]",[42]
[42],4,"[0.8, 1.0083083965578694, -7.075928151607513e-05, 1.8082376372763533]",[26]
[26],3,"[0.8, 0.0, -0.0, 0.8]",[26]
[26],5,"[0.8, 1.2025282289697294, -0.029970312118530275, 1.9725579168511993]",[26]
[26],3,"[0.8, 1.2443692052797497, -7.238388061523438e-05, 2.0442968213991346]",[46]
[46],4,"[0.8, 1.270958904737732, -0.019605255126953127, 2.051353649610779]",[46]
[46],3,"[0.8, 1.3448045021651245, -5.0354003906250004e-05, 2.1447541481612182]",[37]
[37],0,"[0.8, 1.2715821798241649, -0.013817310333251953, 2.0577648694909128]",[41]
[41],0,"[0.8, 1.6372372852932882e-07, -1.3855782299287968e-09, 0.8000001623381503]",[41]
[41],6,"[0.8, 5.493873330082823e-08, -9.247287380276248e-11, 0.8000000548462605]",[41]
[41],6,"[0.8, 9.441664213488309e-08, -8.529251545041916e-09, 0.8000000858873907]",[41]
[41],6,"[0.8, 2.9191149022383862e-08, -2.0035383130334596e-10, 0.8000000289907953]",[41]
[41],3,"[0.8, 1.5720169984825243, -0.025149822235107422, 2.346867176247417]",[39]
[39],3,"[0.8, 0.9047602060053012, -0.00019058093428611755, 1.7045696250710152]",[30]
[30],3,"[0.8, 2.2936405984741763, -0.037509727478027347, 3.0561308709961494]",[30]
[30],4,"[0.8, -0.2, -0.04159469604492188, 0.5584053039550781]",[46]
[46],5,"[0.8, 0.9354303364940959, -0.01396770477294922, 1.7214626317211468]",[42]
[42],6,"[0.8, 1.5293281265420071, -0.01624641418457031, 2.3130817123574365]",[0]
[0],0,"[0.8, 0.0, -0.0, 0.8]",[0]
[0],5,"[0.8, 0.0, -0.0, 0.8]",[0]
[0],5,"[0.8, 0.0, -0.0, 0.8]",[0]
[0],5,"[0.8, 0.0, -0.0, 0.8]",[0]
[0],5,"[0.8, 0.0, -0.0, 0.8]",[0]
[0],5,"[0.8, 0.013187959951699933, -0.00829004168510437, 0.8048979182665956]",[0]
[0],0,"[0.8, 1.8109852060143359, -0.0023471832275390628, 2.608638022786797]",[23]
[23],0,"[0.8, 1.6386503227302893, -0.05361614227294922, 2.38503418045734]",[5]
[5],0,"[0.8, 2.2963746589437632, -0.00047278665006160735, 3.0959018722937017]",[5]
[5],4,"[0.8, -0.2, -0.000132036954164505, 0.5998679630458356]",[19]
[19],0,"[0.8, 2.9090918792474887, -0.00019529085606336593, 3.7088965883914256]",[15]
[15],4,"[0.8, 1.5221422835745233, -0.006980609893798828, 2.3151616736807243]",[15]
[15],3,"[0.8, 2.2175337416442735, -0.03024139404296875, 2.987292347601305]",[28]
[28],0,"[0.8, 0.0, -0.0, 0.8]",[28]
[28],5,"[0.8, 0.9139302200251814, -0.05208539962768555, 1.661844820397496]",[28]
[28],0,"[0.8, 0.5758630211006145, -0.009222590923309326, 1.3666404301773052]",[3]
[3],3,"[0.8, 0.7974230601856006, -0.00010230690240859985, 1.5973207532831921]",[3]
[3],3,"[0.8, 0.7975573015219677, -0.00021680286154150964, 1.5973404986604263]",[48]
[48],0,"[0.8, 0.797557263080888, -0.00024857614189386366, 1.597308686938994]",[48]
[48],3,"[0.8, 0.7975572209031405, -3.2686511985957623e-06, 1.597553952251942]",[48]
[48],0,"[0.8, 2.739505583129983e-06, -3.183985199939343e-08, 0.8000027076657312]",[12]
[12],7,"[0.8, 1.2022185001471137e-08, -1.0366500191594241e-08, 0.8000000016556849]",[12]
[12],7,"[0.8, 1.3816518710275126e-08, -1.4320271475298796e-08, 0.7999999994962472]",[12]
[12],7,"[0.8, 3.7294296623940726e-08, -1.8040666418528418e-08, 0.8000000192536303]",[12]
[12],7,"[0.8, 7.459901640565814e-08, -1.7716928368827212e-08, 0.8000000568820881]",[12]
[12],7,"[0.8, 6.355813048729128e-08, -5.586869633589231e-10, 0.8000000629994436]",[12]
[12],7,"[0.8, 0.9553007980460484, -4.08675754442811e-05, 1.7552599304706042]",[14]
[14],4,"[0.8, 1.9198008103765183, -7.1071088314056395e-06, 2.719793703267687]",[7]
[7],0,"[0.8, 0.7375580643655237, -5.576177500188351e-06, 1.5375524881880236]",[32]
[32],4,"[0.8, 1.2334590374882353, -0.010001850128173829, 2.0234571873600613]",[6]
[6],0,"[0.8, 1.2859458722076882, -0.0034093856811523438, 2.0825364865265357]",[6]
[6],4,"[0.8, 1.2889495232327721, -0.0033494949340820315, 2.08560002829869]",[13]
[13],0,"[0.8, 1.2889491709268006, -0.0033493995666503905, 2.08559977136015]",[9]
[9],0,"[0.8, 1.2889492926835702, -0.0033496856689453126, 2.085599607014625]",[9]
[9],0,"[0.8, 0.4750357100293588, -0.26597185134887696, 1.0090638586804819]",[47]
[47],5,"[0.8, 0.0, -0.0, 0.8]",[47]
[47],5,"[0.8, 0.0, -0.0, 0.8]",[47]
[47],5,"[0.8, 0.0, -0.0, 0.8]",[47]
[47],5,"[0.8, 0.7571314314848752, -0.000388336181640625, 1.5567430953032346]",[47]
[47],0,"[0.8, 0.736945402144868, -0.0048353910446167, 1.5321100111002512]",[29]
[29],3,"[0.8, 0.7400941615648947, -1.0712072253227234e-05, 1.5400834494926414]",[34]
[34],3,"[0.8, 0.7400914921437696, -0.00022709477692842484, 1.5398643973668413]",[34]
[34],3,"[0.8, 0.739439437590922, -1.0618008673191072e-06, 1.5394383757900547]",[39]
[39],0,"[0.8, 1.37797168407719, -7.161032408475876e-06, 2.177964523044782]",[39]
[39],0,"[0.8, 0.0, -0.0, 0.8]",[30]
[30],5,"[0.8, 0.0, -0.0, 0.8]",[30]
[30],5,"[0.8, 0.0, -0.0, 0.8]",[30]
[30],5,"[0.8, 1.08134275968234, -0.013977479934692384, 1.8673652797476477]",[30]
[30],3,"[0.8, -0.2, -0.030669403076171876, 0.5693305969238281]",[37]
[37],4,"[0.8, 1.6945039619979565, -0.0173492431640625, 2.4771547188338943]",[42]
[42],3,"[0.8, 1.229731151624744, -0.04850435256958008, 1.981226799055164]",[42]
[42],3,"[0.8, 1.1227578355545187, -3.440678119659424e-06, 1.922754394876399]",[26]
[26],0,"[0.8, 0.0, -0.0, 0.8]",[26]
[26],5,"[0.8, 0.0, -0.0, 0.8]",[26]
[26],5,"[0.8, 0.0, -0.0, 0.8]",[26]
[26],5,"[0.8, 0.0, -0.0, 0.8]",[26]
[26],5,"[0.8, 1.3451842486904926, -0.036037254333496097, 2.1091469943569967]",[10]
[10],3,"[0.8, 1.4727013452249516, -0.003566741943359375, 2.269134603281592]",[46]
[46],0,"[0.8, 1.4750553139849603, -0.0030778884887695313, 2.271977425496191]",[46]
[46],0,"[0.8, 1.4722860721294775, -0.0030776977539062503, 2.2692083743755713]",[37]
[37],0,"[0.8, 0.0015016847070402383, -0.0002625791355967522, 0.8012391055714435]",[41]
[41],5,"[0.8, 0.0, -0.0, 0.8]",[41]
[41],5,"[0.8, 0.0, -0.0, 0.8]",[41]
[41],5,"[0.8, 0.0, -0.0, 0.8]",[41]
[41],5,"[0.8, 0.724150088738869, -0.054822778701782225, 1.469327310037087]",[41]
[41],4,"[0.8, 1.6752257568712623, -0.0011613033711910248, 2.4740644535000715]",[39]
[39],6,"[0.8, 0.7426709235294475, -8.705183863639831e-05, 1.5425838716908111]",[30]
[30],1,"[0.8, 2.5536817307231967, -0.038818740844726564, 3.3148629898784705]",[30]
[30],0,"[0.8, 2.6205175857449605, -0.023137474060058595, 3.3973801116849023]",[42]
[42],0,"[0.8, 0.851023554192374, -0.004891300201416016, 1.646132253990958]",[42]
[42],4,"[0.8, 1.4016856172262766, -0.020406150817871095, 2.1812794664084056]",[0]
[0],0,"[0.8, 0.0, -0.0, 0.8]",[0]
[0],5,"[0.8, 0.0, -0.0, 0.8]",[0]
[0],5,"[0.8, 0.0, -0.0, 0.8]",[0]
[0],5,"[0.8, 0.0, -0.0, 0.8]",[0]
[0],5,"[0.8, 0.0, -0.0, 0.8]",[0]
[0],5,"[0.8, 0.7955831944644043, -0.03215627670288086, 1.5634269177615234]",[0]
[0],5,"[0.8, 1.2953783686199845, -7.682712748646736e-05, 2.095301541492498]",[43]
[43],4,"[0.8, 1.9961744672404453, -9.072874672710897e-06, 2.7961653943657727]",[40]
[40],3,"[0.8, 1.058262199810796, -6.550690159201622e-07, 1.85826154474178]",[19]
[19],0,"[0.8, 0.0, -0.0, 0.8]",[31]
[31],5,"[0.8, 0.0, -0.0, 0.8]",[31]
[31],5,"[0.8, 0.0, -0.0, 0.8]",[31]
[31],5,"[0.8, 0.0, -0.0, 0.8]",[31]
[31],5,"[0.8, 0.0, -0.0, 0.8]",[31]
[31],5,"[0.8, 1.443046302822811, -9.051364031620324e-08, 2.243046212309171]",[19]
[19],0,"[0.8, 1.0899341398927855, -7.661408744752407e-07, 1.889933373751911]",[7]
[7],0,"[0.8, 1.5243628809735963, -0.06327743530273437, 2.261085445670862]",[14]
[14],3,"[0.8, 1.7086811739751433, -0.00859375, 2.5000874239751436]",[17]
[17],7,"[0.8, 1.462503117092944, -0.019054412841796875, 2.243448704251147]",[21]
[21],0,"[0.8, 1.6193729267240844, -0.0023096084594726564, 2.4170633182646117]",[2]
[2],3,"[0.8, 1.6425989114355248, -0.026902389526367188, 2.4156965219091577]",[24]
[24],5,"[0.8, 0.9219415917773115, -0.025596046447753908, 1.6963455453295575]",[4]
[4],0,"[0.8, 1.6049612057431197, -0.0011447928845882416, 2.4038164128585313]",[4]
[4],3,"[0.8, 0.7567643867862901, -6.0388119891285896e-05, 1.5567039986663989]",[29]
[29],4,"[0.8, 1.5752787429198871, -6.938353180885315e-08, 2.3752786735363554]",[34]
[34],0,"[0.8, 0.0, -0.0, 0.8]",[34]
[34],5,"[0.8, 0.0, -0.0, 0.8]",[34]
[34],5,"[0.8, 0.0, -0.0, 0.8]",[34]
[34],5,"[0.8, 0.0, -0.0, 0.8]",[34]
[34],5,"[0.8, 0.0, -0.0, 0.8]",[34]
[34],5,"[0.8, 0.0, -0.0, 0.8]",[34]
[34],5,"[0.8, 0.0, -0.0, 0.8]",[34]
[34],5,"[0.8, 1.5268087175910052, -0.0001633618026971817, 2.3266453557883082]",[39]
[39],4,"[0.8, 0.0, -0.0, 0.8]",[30]
[30],5,"[0.8, 0.0, -0.0, 0.8]",[30]
[30],5,"[0.8, 0.0, -0.0, 0.8]",[30]
[30],5,"[0.8, 0.0, -0.0, 0.8]",[30]
[30],5,"[0.8, 0.6973392453382322, -0.00019262265413999557, 1.4971466226840922]",[30]
[30],3,"[0.8, 1.040513481866922, -0.00019464492797851562, 1.8403188369389434]",[22]
[22],4,"[0.8, 1.0409922005442502, -0.004197406768798828, 1.8367947937754514]",[22]
[22],4,"[0.8, 1.0417602603855733, -0.000165536068379879, 1.8415947243171935]",[22]
[22],3,"[0.8, 2.974930791320857, -4.6182796359062196e-05, 3.7748846085244976]",[39]
[39],0,"[0.8, -0.2, -1.3324618339538575e-05, 0.5999866753816605]",[4]
[4],0,"[0.8, 2.0387797934698346, -1.923833042383194e-05, 2.8387605551394106]",[38]
[38],5,"[0.8, 1.4566758379686489, -0.0024250030517578127, 2.254250834916891]",[38]
[38],4,"[0.8, 4.156527823447885e-07, -1.0376284080848563e-07, 0.8000003118899416]",[1]
[1],7,"[0.8, 4.46331853269799e-08, -1.0883346668322247e-10, 0.8000000445243519]",[1]
[1],7,"[0.8, 2.0601630412841442e-08, -1.0883447032483673e-10, 0.800000020492796]",[1]
[1],7,"[0.8, 5.1503230854703635e-09, -1.0880563117154907e-10, 0.8000000050415175]",[1]
[1],7,"[0.8, 1.5451168459265993e-08, -1.0882801326772551e-10, 0.8000000153423404]",[1]
[1],7,"[0.8, 6.35149181273451e-08, -1.0883448808840513e-10, 0.8000000634060837]",[1]
[1],7,"[0.8, 1.8883992267660773e-08, -3.444736051960717e-10, 0.8000000185395187]",[1]
[1],7,"[0.8, 0.7366734181455872, -0.005093193054199219, 1.5315802250913881]",[1]
[1],4,"[0.8, 1.4149212134070281, -0.00016093682497739792, 2.2147602765820507]",[25]
[25],4,"[0.8, 1.4149921312313858, -7.691886276006699e-06, 2.21498443934511]",[25]
[25],0,"[0.8, 0.8183715617919027, -0.00025353236123919486, 1.6181180294306636]",[33]
[33],1,"[0.8, 6.335506306528332e-08, -2.3772238364472288e-08, 0.8000000395828247]",[33]
[33],7,"[0.8, 5.1216919747158444e-08, -3.349715882450255e-09, 0.8000000478672039]",[33]
[33],7,"[0.8, 0.7632936479537786, -0.000222092866897583, 1.5630715550868812]",[33]
[33],3,"[0.8, 0.797704205623159, -0.0007415771484375, 1.5969626284747216]",[4]
[4],3,"[0.8, 0.7976754281402584, -0.00025539398193359376, 1.5974200341583247]",[24]
[24],0,"[0.8, 0.7976752339896678, -0.00025548934936523435, 1.5974197446403027]",[18]
[18],0,"[0.8, 2.126821289204479, -0.0053802490234375, 2.9214410401810413]",[18]
[18],0,"[0.8, 2.098121738859422, -0.0017404556274414062, 2.896381283231981]",[21]
[21],0,"[0.8, 1.5525485851153231, -0.03823986053466797, 2.3143087245806555]",[27]
[27],3,"[0.8, 1.4711924598374857, -0.004927635192871094, 2.2662648246446144]",[14]
[14],4,"[0.8, 0.0018182197606038516, -1.3687799219042063e-05, 0.8018045319613849]",[36]
[36],6,"[0.8, 6.53184844878098e-08, -1.0480992074235474e-09, 0.8000000642703853]",[36]
[36],6,"[0.8, 7.224422806904936e-08, -3.338535634611617e-09, 0.8000000689056925]",[36]
[36],6,"[0.8, 0.27560368054377793, -5.0558857619762424e-05, 1.0755531216861582]",[36]
[36],3,"[0.8, 0.947694979520456, -0.0001864374428987503, 1.7475085420775573]",[19]
[19],4,"[0.8, 0.8729009396423488, -3.6104698665440083e-06, 1.6728973291724825]",[31]
[31],0,"[0.8, 0.5111634241858154, -1.4578178524971009e-05, 1.3111488460072904]",[20]
[20],5,"[0.8, 0.0, -0.0, 0.8]",[20]
[20],5,"[0.8, 0.0, -0.0, 0.8]",[20]
[20],5,"[0.8, 0.0, -0.0, 0.8]",[20]
[20],5,"[0.8, 0.0, -0.0, 0.8]",[20]
[20],5,"[0.8, 0.0, -0.0, 0.8]",[20]
[20],5,"[0.8, 0.9599883717937934, -0.00015331896021962167, 1.7598350528335738]",[40]
[40],3,"[0.8, 1.6103112665004045, -4.228518810123206e-06, 2.4103070379815943]",[43]
[43],0,"[0.8, 0.0, -0.0, 0.8]",[44]
[44],5,"[0.8, 0.8464255031663361, -4.976140335202217e-05, 1.6463757417629843]",[23]
[23],3,"[0.8, 0.8855653368984886, -0.10070123672485352, 1.5848641001736352]",[5]
[5],7,"[0.8, 1.2253482119724524, -0.004253005981445313, 2.0210952059910072]",[5]
[5],0,"[0.8, 1.1975125369880206, -0.05822281837463379, 1.9392897186133868]",[5]
[5],3,"[0.8, 2.810953219404969, -0.0005946939811110497, 3.610358525423858]",[5]
[5],4,"[0.8, -0.2, -1.8626451492309571e-10, 0.5999999998137355]",[7]
[7],0,"[0.8, 2.761572063027629, -0.00030454345047473906, 3.5612675195771546]",[15]
[15],7,"[0.8, 1.2323142167713677, -2.6050256565213203e-06, 2.032311611745711]",[15]
[15],0,"[0.8, 1.1940908207297376, -0.00789642333984375, 1.986194397389894]",[15]
[15],3,"[0.8, 1.7086956783545872, -0.01960926055908203, 2.489086417795505]",[28]
[28],0,"[0.8, 0.0, -0.0, 0.8]",[28]
[28],5,"[0.8, 0.0, -0.0, 0.8]",[28]
[28],5,"[0.8, 0.9553493335992818, -0.010248947143554689, 1.745100386455727]",[28]
[28],3,"[0.8, 1.755359634114263, -9.600305929780006e-06, 2.5553500338083333]",[48]
[48],3,"[0.8, 1.5159500628323048, -0.00018331229686737062, 2.3157667505354373]",[48]
[48],0,"[0.8, 1.0869563430680929, -0.022074103355407715, 1.8648822397126852]",[14]
[14],4,"[0.8, 0.9279657526748729, -0.03880167007446289, 1.68916408260041]",[27]
[27],4,"[0.8, 0.9041264998743149, -0.018449878692626955, 1.685676621181688]",[17]
[17],0,"[0.8, 0.9607707865535624, -0.037884521484375, 1.7228862650691874]",[21]
[21],3,"[0.8, 0.9475261806982296, -0.0382786750793457, 1.709247505618884]",[2]
[2],3,"[0.8, 0.9107611775589733, -0.014716339111328126, 1.6960448384476452]",[18]
[18],0,"[0.8, 1.0553708044417631, -0.03684520721435547, 1.8185255972274077]",[18]
[18],0,"[0.8, 0.8945912167459696, -0.05287523269653321, 1.6417159840494366]",[24]
[24],0,"[0.8, 0.0, -0.0, 0.8]",[45]
[45],5,"[0.8, 0.0, -0.0, 0.8]",[45]
[45],5,"[0.8, 0.0, -0.0, 0.8]",[45]
[45],5,"[0.8, 0.7214459651563665, -0.0011068344116210939, 1.5203391307447456]",[4]
[4],4,"[0.8, 0.9450824665147985, -0.0001580750197172165, 1.7449243914950814]",[33]
[33],3,"[0.8, 0.8768157789935958, -1.497962512075901e-06, 1.6768142810310838]",[25]
[25],0,"[0.8, 1.0998550594054792, -6.241444498300552e-06, 1.899848817960981]",[25]
[25],5,"[0.8, 0.001673833718036219, -5.885411155759357e-07, 0.8016732451769207]",[11]
[11],5,"[0.8, 0.0, -0.0, 0.8]",[11]
[11],5,"[0.8, 0.0, -0.0, 0.8]",[11]
[11],5,"[0.8, 0.0, -0.0, 0.8]",[11]
[11],5,"[0.8, 0.0, -0.0, 0.8]",[11]
[11],5,"[0.8, 1.4706036823541941, -0.03104057312011719, 2.2395631092340773]",[1]
[1],3,"[0.8, 1.4985917249587173, -0.01482372283935547, 2.283768002119362]",[38]
[38],3,"[0.8, 1.9973359674794198, -0.0001470884308218956, 2.7971888790485977]",[38]
[38],4,"[0.8, -0.2, -7.754582911729812e-05, 0.5999224541708827]",[4]
[4],4,"[0.8, -0.2, -8.688606321811676e-05, 0.5999131139367819]",[39]
[39],5,"[0.8, 1.3887205089951806, -1.1869892477989197e-05, 2.1887086391027024]",[22]
[22],0,"[0.8, 1.3855460872759984, -0.0016546249389648438, 2.1838914623370336]",[22]
[22],4,"[0.8, 0.0, -0.0, 0.8]",[30]
[30],5,"[0.8, 0.0, -0.0, 0.8]",[30]
[30],5,"[0.8, 0.0, -0.0, 0.8]",[30]
[30],5,"[0.8, 0.0, -0.0, 0.8]",[30]
[30],5,"[0.8, 0.8771138456683192, -0.017322731018066407, 1.6597911146502529]",[22]
[22],0,"[0.8, 1.5717427914887485, -0.03876285552978516, 2.3329799359589636]",[30]
[30],0,"[0.8, 2.9187779742328117, -0.023610305786132813, 3.695167668446679]",[46]
[46],0,"[0.8, 0.44577269605400593, -0.23402299880981445, 1.0117496972441915]",[42]
[42],7,"[0.8, 6.188688693198698e-08, -2.9933282519323256e-10, 0.8000000615875541]",[42]
[42],7,"[0.8, 1.0315950607981306e-08, -4.33721005776988e-10, 0.8000000098822296]",[42]
[42],7,"[0.8, 1.7226238249678e-08, -2.0922040988580192e-10, 0.8000000170170178]",[42]
[42],7,"[0.8, 3.4435265221504256e-08, -1.0408385264781829e-11, 0.8000000344248569]",[42]
[42],7,"[0.8, 2.4035945454462223e-08, -2.0922028554082318e-10, 0.8000000238267252]",[42]
[42],7,"[0.8, 0.9970471855300709, -0.0360015869140625, 1.7610455986160085]",[42]
[42],3,"[0.8, 1.1894706740037604, -1.424495130777359e-05, 1.9894564290524526]",[26]
[26],0,"[0.8, 0.0, -0.0, 0.8]",[26]
[26],5,"[0.8, 0.0, -0.0, 0.8]",[26]
[26],5,"[0.8, 0.0, -0.0, 0.8]",[26]
[26],5,"[0.8, 0.0, -0.0, 0.8]",[26]
[26],5,"[0.8, 0.9369737311667254, -0.0014581680297851562, 1.7355155631369403]",[26]
[26],3,"[0.8, 0.9660924678917904, -0.018114185333251955, 1.7479782825585386]",[10]
[10],1,"[0.8, 0.9155345168293032, -0.045662879943847656, 1.6698716368854556]",[46]
[46],4,"[0.8, 1.2492057674550157, -0.04928159713745117, 1.9999241703175645]",[46]
[46],3,"[0.8, 1.3891467901720076, -0.0031798362731933595, 2.1859669538988142]",[37]
[37],0,"[0.8, 1.211651237683097, -0.007499980926513672, 2.0041512567565833]",[41]
[41],0,"[0.8, 0.0, -0.0, 0.8]",[41]
[41],5,"[0.8, 0.0, -0.0, 0.8]",[41]
[41],5,"[0.8, 0.0, -0.0, 0.8]",[41]
[41],5,"[0.8, 0.964169603939698, -0.006493568420410156, 1.757676035519288]",[39]
[39],4,"[0.8, 0.6734473755869026, -0.00017171349376440047, 1.4732756620931382]",[34]
[34],3,"[0.8, 0.0013547675873845557, -1.666229451075196e-05, 0.8013381052928739]",[34]
[34],6,"[0.8, 6.186803795562826e-08, -9.362597808149075e-11, 0.8000000617744121]",[34]
[34],6,"[0.8, 1.356495603023788e-07, -8.629326941900217e-10, 0.8000001347866277]",[34]
[34],6,"[0.8, 1.4600108088707933e-07, -7.748422348186069e-10, 0.8000001452262387]",[34]
[34],6,"[0.8, 0.8117477968702395, -1.335563138127327e-05, 1.6117344412388581]",[34]
[34],0,"[0.8, 0.8119021201462431, -3.9565376937389375e-06, 1.6118981636085494]",[29]
[29],0,"[0.8, 0.9642837179542716, -1.865723170340061e-05, 1.7642650607225683]",[49]
[49],0,"[0.8, 0.0, -0.0, 0.8]",[49]
[49],5,"[0.8, 0.0, -0.0, 0.8]",[49]
[49],5,"[0.8, 0.0, -0.0, 0.8]",[49]
[49],5,"[0.8, 0.0, -0.0, 0.8]",[49]
[49],5,"[0.8, 0.0, -0.0, 0.8]",[49]
[49],5,"[0.8, 0.0, -0.0, 0.8]",[49]
[49],5,"[0.8, 1.2216755463747544, -0.060326671600341795, 1.9613488747744126]",[4]
[4],4,"[0.8, 1.27473001158902, -0.003400897979736328, 2.0713291136092837]",[24]
[24],3,"[0.8, 1.2715828575764103, -0.0033690452575683596, 2.068213812318842]",[18]
[18],0,"[0.8, 1.2746149081961535, -0.0033693313598632812, 2.07124557683629]",[2]
[2],0,"[0.8, 1.2746147393809941, -0.003368854522705078, 2.071245884858289]",[21]
[21],0,"[0.8, 1.2715817753243026, -0.0033695220947265628, 2.068212253229576]",[17]
[17],4,"[0.8, 1.0790820417807283, -0.0014885902404785157, 1.87759345154025]",[27]
[27],0,"[0.8, 0.0, -0.0, 0.8]",[12]
[12],5,"[0.8, 0.0, -0.0, 0.8]",[12]
[12],5,"[0.8, 0.0, -0.0, 0.8]",[12]
[12],5,"[0.8, 0.0, -0.0, 0.8]",[12]
[12],5,"[0.8, 0.5677620676371573, -0.055940675735473636, 1.3118213919016837]",[12]
[12],4,"[0.8, 1.5361434059176702, -0.0014322221279144288, 2.334711183789756]",[7]
[7],3,"[0.8, 1.1795130992488698e-05, -1.233646344189765e-08, 0.8000117827945291]",[36]
[36],6,"[0.8, 1.1099459359504892e-07, -1.6110950582515217e-08, 0.8000000948836431]",[36]
[36],6,"[0.8, 2.2832723869262595e-07, -2.871246351787704e-08, 0.8000001996147752]",[36]
[36],6,"[0.8, 2.9254853041134477e-08, -1.4876810894293157e-11, 0.8000000292399763]",[36]
[36],6,"[0.8, 0.8690869778356656, -9.318208321928978e-06, 1.6690776596273436]",[32]
[32],0,"[0.8, 1.3173354479378414, -0.0010138068348169327, 2.1163216411030246]",[19]
[19],4,"[0.8, 1.0222602391585756, -0.00018354067578911783, 1.8220766984827865]",[40]
[40],2,"[0.8, 7.214128952426476e-08, -6.235282512534468e-10, 0.8000000715177613]",[20]
[20],7,"[0.8, 5.1541216939539124e-08, -9.042823023719393e-10, 0.8000000506369347]",[20]
[20],7,"[0.8, 2.922494848314678e-08, -7.530673862277127e-11, 0.8000000291496417]",[20]
[20],7,"[0.8, 3.4625393901723777e-09, -1.9574653720155766e-09, 0.8000000015050741]",[20]
[20],7,"[0.8, 1.0041378768835309e-07, -1.9824913124466548e-08, 0.8000000805888746]",[20]
[20],7,"[0.8, 4.2962347348043614e-08, -4.484730652620783e-08, 0.7999999981150409]",[20]
[20],7,"[0.8, 0.8202453353148904, -0.00015645120292901994, 1.6200888841119614]",[40]
[40],7,"[0.8, 1.1270243476120037, -2.582557499408722e-06, 1.9270217650545043]",[43]
[43],5,"[0.8, 0.0, -6.948881036805688e-08, 0.7999999305111897]",[44]
[44],5,"[0.8, 0.7710270803875123, -0.00013442919589579105, 1.5708926511916166]",[23]
[23],4,"[0.8, 1.4864623113781192, -0.00041236877441406253, 2.2860499426037055]",[5]
[5],3,"[0.8, 1.487921078089718, -7.2479248046875005e-06, 2.2879138301649133]",[5]
[5],0,"[0.8, 1.4888021094922017, -0.0006038941442966461, 2.2881982153479052]",[5]
[5],4,"[0.8, 2.7586603492876964, -4.700161516666412e-05, 3.55861334767253]",[19]
[19],5,"[0.8, 0.5645260892010653, -1.91875034943223e-05, 1.364506901697571]",[32]
[32],5,"[0.8, 2.5544611879250776, -0.0004327715188264847, 3.3540284164062513]",[7]
[7],3,"[0.8, 2.5550517678041214, -2.6738643646240236e-05, 3.3550250291604753]",[15]
[15],0,"[0.8, 1.1171281309621113, -1.906102988868952e-06, 1.9171262248591225]",[15]
[15],0,"[0.8, 0.6826345038143047, -0.00045762173831462863, 1.48217688207599]",[15]
[15],3,"[0.8, 0.8423385687910276, -0.0064183235168457035, 1.635920245274182]",[15]
[15],3,"[0.8, 1.3525103298517456, -0.010006427764892578, 2.142503902086853]",[15]
[15],0,"[0.8, 0.8233514692580706, -0.015378570556640625, 1.60797289870143]",[28]
[28],0,"[0.8, 1.2981828341140427, -0.026743650436401367, 2.0714391836776413]",[28]
[28],3,"[0.8, 1.314693743197897, -0.00016798682510852815, 2.1145257563727884]",[3]
[3],4,"[0.8, 1.3176108542862774, -3.730994649231434e-07, 2.1176104811868126]",[48]
[48],0,"[0.8, 0.9113278542536949, -8.91025410965085e-06, 1.7113189439995853]",[14]
[14],0,"[0.8, 1.3197412554163113, -0.003306293487548828, 2.1164349619287623]",[27]
[27],3,"[0.8, 1.3176113630021904, -0.0033112525939941405, 2.1143001104081964]",[17]
[17],0,"[0.8, 1.314631919865712, -0.0033100128173828127, 2.111321907048329]",[21]
[21],3,"[0.8, 1.257746259241614, -0.003205680847167969, 2.0545405783944464]",[2]
[2],0,"[0.8, 1.257226130499812, -0.0033886909484863283, 2.0538374395513257]",[18]
[18],0,"[0.8, 1.2602772368373798, -0.0033885955810546878, 2.056888641256325]",[24]
[24],0,"[0.8, 0.0, -0.0, 0.8]",[45]
[45],5,"[0.8, 0.0, -0.0, 0.8]",[45]
[45],5,"[0.8, 0.0, -0.0, 0.8]",[45]
[45],5,"[0.8, 0.4468267274734558, -0.04192299842834473, 1.2049037290451112]",[45]
[45],0,"[0.8, 1.1599281374343806, -0.00019177282229065895, 1.95973636461209]",[33]
[33],4,"[0.8, 1.1581795708573424, -0.0002597150392830372, 1.9579198558180593]",[33]
[33],4,"[0.8, 1.1581732776064475, -0.0005204280838370323, 1.9576528495226104]",[25]
[25],4,"[0.8, 0.0029011333447702403, -0.013340492248535157, 0.7895606410962351]",[11]
[11],7,"[0.8, 5.5129585294055906e-08, -4.1350091350977894e-09, 0.8000000509945762]",[11]
[11],7,"[0.8, 2.060814401995341e-07, -5.065825916972244e-08, 0.800000155423181]",[11]
[11],7,"[0.8, 2.4058868772580847e-08, -1.1109545994258952e-08, 0.8000000129493228]",[11]
[11],7,"[0.8, 1.71835518097685e-07, -1.687749318080023e-09, 0.8000001701477688]",[11]
[11],7,"[0.8, 0.7936336450489183, -0.00039727985858917236, 1.5932363651903292]",[11]
[11],3,"[0.8, 1.1142064023619154, -0.0021440505981445315, 1.912062351763771]",[1]
[1],3,"[0.8, 1.027871961350174, -0.07639312744140625, 1.7514788339087677]",[38]
[38],3,"[0.8, 1.1028963406574548, -0.000139123247936368, 1.9027572174095184]",[38]
[38],3,"[0.8, -0.2, -4.0014274418354034e-06, 0.5999959985725583]",[33]
[33],0,"[0.8, -0.2, -6.787516176700593e-05, 0.599932124838233]",[29]
[29],4,"[0.8, 2.176526105056512, -1.2163445353507995e-05, 2.9765139416111586]",[22]
[22],0,"[0.8, 1.9086171736253474, -0.002080535888671875, 2.7065366377366757]",[22]
[22],3,"[0.8, 0.0, -0.0, 0.8]",[30]
[30],5,"[0.8, 0.0, -0.0, 0.8]",[30]
[30],5,"[0.8, 0.0, -0.0, 0.8]",[30]
[30],5,"[0.8, 0.0, -0.0, 0.8]",[30]
[30],5,"[0.8, 1.9219960112203243, -0.10301361083984376, 2.6189824003804807]",[30]
[30],3,"[0.8, 3.555563854036576e-05, -6.629772997257532e-09, 0.8000355490087674]",[30]
[30],6,"[0.8, 0.14811455384003017, -0.00019531611353158952, 0.9479192377264987]",[30]
[30],4,"[0.8, 1.933305974927227, -0.004535484313964844, 2.728770490613262]",[39]
[39],4,"[0.8, 1.9410213673130228, -5.7220458984375e-07, 2.741020795108433]",[37]
[37],0,"[0.8, 1.9410212357194823, -3.814697265625e-07, 2.741020854249756]",[46]
[46],0,"[0.8, 2.9719542304274724e-06, -2.766257239272818e-07, 0.8000026953285065]",[10]
[10],7,"[0.8, 2.3176730240216806e-07, -8.820742891657573e-09, 0.8000002229465596]",[10]
[10],7,"[0.8, 1.2706904459562185e-07, -8.308331800321866e-11, 0.8000001269859613]",[10]
[10],7,"[0.8, 2.1973047981202816e-07, -3.366452716591084e-10, 0.8000002193938346]",[10]
[10],7,"[0.8, 1.8888103309093584e-07, -2.0706654169089235e-10, 0.8000001886739666]",[10]
[10],7,"[0.8, 0.7997973988993898, -0.004937934875488281, 1.5948594640239016]",[10]
[10],0,"[0.8, 1.597696234705475, -0.0129425048828125, 2.3847537298226626]",[16]
[16],5,"[0.8, 0.0, -0.0, 0.8]",[16]
[16],5,"[0.8, 0.7438706589111058, -0.01708359718322754, 1.5267870617278785]",[43]
[43],4,"[0.8, 1.0963289009260515, -7.241889834403991e-05, 1.8962564820277075]",[43]
[43],3,"[0.8, 1.3188948294211862, -0.009257888793945313, 2.109636940627241]",[23]
[23],4,"[0.8, 0.990667506026873, -0.0062348365783691405, 1.784432669448504]",[0]
[0],6,"[0.8, 0.0, -0.0, 0.8]",[0]
[0],5,"[0.8, 0.0, -0.0, 0.8]",[0]
[0],5,"[0.8, 0.961995250401701, -0.0015816688537597656, 1.7604135815479411]",[42]
[42],0,"[0.8, 1.3033725914068792, -0.0032523155212402345, 2.100120275885639]",[42]
[42],0,"[0.8, 1.30328141985422, -0.003329753875732422, 2.0999516659784874]",[42]
[42],0,"[0.8, 1.3002849795417157, -0.0033298492431640624, 2.096955130298552]",[37]
[37],4,"[0.8, 1.3032815539296845, -0.0033296585083007813, 2.099951895421384]",[30]
[30],4,"[0.8, 0.0, -0.0, 0.8]",[30]
[30],5,"[0.8, 0.0, -0.0, 0.8]",[30]
[30],5,"[0.8, 0.0, -0.0, 0.8]",[30]
[30],5,"[0.8, 0.0, -0.0, 0.8]",[30]
[30],5,"[0.8, 0.9065876319168251, -0.04927682876586914, 1.657310803150956]",[30]
[30],0,"[0.8, 1.127539798915714, -0.008580398559570313, 1.9189594003561439]",[22]
[22],5,"[0.8, 0.9454836143160087, -0.00019254684448242188, 1.7452910674715263]",[22]
[22],0,"[0.8, 0.9437671123274654, -2.7232617139816284e-05, 1.7437398797103256]",[22]
[22],4,"[0.8, 2.904217623677587, -0.0002009458839893341, 3.7040166777935974]",[39]
[39],4,"[0.8, 2.948461034772187, -1.1167395859956741e-05, 3.748449867376327]",[29]
[29],0,"[0.8, -0.2, -7.90134072303772e-07, 0.5999992098659277]",[25]
[25],5,"[0.8, 2.018286242761571, -0.014450347423553467, 2.8038358953380174]",[38]
[38],4,"[0.8, 0.0012997518892551875, -0.00026431018486619, 0.801035441704389]",[1]
[1],6,"[0.8, 1.4523558614331236, -0.003382110595703125, 2.2489737508374206]",[11]
[11],0,"[0.8, 2.0262955722895244, -0.0019199371337890625, 2.824375635155735]",[11]
[11],4,"[0.8, 2.0262957884423223, -0.0019197463989257812, 2.8243760420433963]",[11]
[11],4,"[0.8, 2.0280235091881424, -0.0019197463989257812, 2.8261037627892165]",[3]
[3],0,"[0.8, 1.2673622376473508, -0.014704990386962892, 2.052657247260388]",[3]
[3],0,"[0.8, 0.0, -0.0, 0.8]",[3]
[3],5,"[0.8, 0.0, -0.0, 0.8]",[3]
[3],5,"[0.8, 0.0, -0.0, 0.8]",[3]
[3],5,"[0.8, 0.02787154070979362, -0.02127371311187744, 0.8065978275979162]",[3]
[3],0,"[0.8, 1.1866702398553737, -0.06371383666992188, 1.9229564031854518]",[28]
[28],0,"[0.8, 1.8250324687577302, -0.002371406555175781, 2.622661062202554]",[28]
[28],0,"[0.8, 2.0861563042673867, -0.05590278625488281, 2.830253518012504]",[15]
[15],4,"[0.8, -0.2, -2.9579177498817445e-05, 0.5999704208225012]",[15]
[15],4,"[0.8, 2.2298075247227866, -0.0003811378031969071, 3.0294263869195897]",[19]
[19],7,"[0.8, 2.112485209827422, -8.9217908680439e-06, 2.9124762880365545]",[40]
[40],0,"[0.8, 1.4293851848275598, -0.0029126882553100588, 2.2264724965722498]",[5]
[5],2,"[0.8, 1.611807159445835, -0.0156158447265625, 2.396191314719273]",[5]
[5],0,"[0.8, 0.9161580041306208, -0.007108497619628906, 1.7090495065109919]",[5]
[5],4,"[0.8, 1.3210359756771428, -0.0009660266339778901, 2.120069949043165]",[23]
[23],3,"[0.8, 4.372432577151557e-08, -2.216219456840918e-09, 0.8000000415081063]",[44]
[44],6,"[0.8, 6.023134422436163e-08, -5.40714850671975e-10, 0.8000000596906294]",[44]
[44],6,"[0.8, 6.179838035639962e-08, -1.5588080160000572e-10, 0.8000000616424996]",[44]
[44],6,"[0.8, 5.836508583814545e-08, -1.4886555099735687e-10, 0.8000000582162203]",[44]
[44],6,"[0.8, 0.7667159066046655, -0.00031966883689165114, 1.566396237767774]",[43]
[43],4,"[0.8, 1.403679194805325, -0.0035773277282714843, 2.200101867077054]",[40]
[40],4,"[0.8, 0.0, -0.0, 0.8]",[16]
[16],5,"[0.8, 0.0, -0.0, 0.8]",[16]
[16],5,"[0.8, 0.0, -0.0, 0.8]",[16]
[16],5,"[0.8, 0.0, -0.0, 0.8]",[16]
[16],5,"[0.8, 0.0, -0.0, 0.8]",[16]
[16],5,"[0.8, 0.0, -0.0, 0.8]",[16]
[16],5,"[0.8, 0.0, -0.0, 0.8]",[16]
[16],5,"[0.8, 1.5778104119044807, -0.05292596817016602, 2.324884443734315]",[16]
[16],3,"[0.8, 0.001430447513349469, -7.236687815748155e-07, 0.8014297238445679]",[26]
[26],5,"[0.8, 0.0, -0.0, 0.8]",[26]
[26],5,"[0.8, 0.0, -0.0, 0.8]",[26]
[26],5,"[0.8, 0.0, -0.0, 0.8]",[26]
[26],5,"[0.8, 0.0, -0.0, 0.8]",[26]
[26],5,"[0.8, 1.5652404141230907, -0.06653833389282227, 2.2987020802302682]",[42]
